area,floor,h_method,href,huxing,metro,orientation,price,renovation,square,tags,time,title,view
学院路 林大院内,高楼层/6层,整租,/zufang/500026114.html,1室1厅,距离地铁清华东路西口610米,东西,5200元/月,精装,50平米,"近地铁,随时看,拎包入住,集中供暖",2019-04-24,五道口 六道口 林大家属楼一居室出租,近30天带看  3  次
团结湖 白家庄东里,中楼层/6层,整租,/zufang/500020769.html,2室1厅,距离地铁团结湖506米,东北,7500元/月,精装,60平米,"近地铁,随时看,拎包入住,集中供暖",2019-04-22,东三环/朝阳公园，团结湖 临国贸财富，博瑞三里屯,近30天带看  4  次
中关村 新科祥园,低楼层/21层,整租,/zufang/42792838.html,3室1厅,距离地铁中关村665米,东,18500元/月,简装,108平米,"近地铁,拎包入住,集中供暖",2019-04-13,新科祥园，大三居两卫，可居家，可办公，看房方便,近30天带看  39  次
双榆树 双榆树西里,中楼层/16层,整租,/zufang/42787874.html,2室1厅,距离地铁人民大学327米,西北,9500元/月,精装,64.2平米,"近地铁,随时看,拎包入住,集中供暖",2019-04-09,双榆树西里，电梯精装2居，家具家电齐全，拎包入住,近30天带看  23  次
五道口 东王庄小区,中楼层/6层,整租,/zufang/42776695.html,2室1厅,距离地铁清华东路西口419米,南北,7500元/月,简装,74.5平米,"近地铁,随时看,拎包入住,集中供暖",2019-04-07,五道口 东王庄南北通透两居室 采光好看房随时,近30天带看  20  次
望京 慧谷阳光,低楼层/11层,整租,/zufang/42776479.html,3室1厅,距离地铁望京东553米,南北,15000元/月,精装,130平米,"近地铁,随时看,拎包入住,集中供暖",2019-04-07,业主直租！慧谷阳光三居两卫 婚房装修 南北通透 有钥匙随时住,近30天带看  17  次
方庄 芳星园三区,中楼层/25层,整租,/zufang/42776290.html,2室1厅,距离地铁方庄676米,南,6200元/月,简装,66平米,"近地铁,随时看,拎包入住,集中供暖",2019-04-07,芳星园三区 精装两居室 拎包入住 看房方便,近30天带看  30  次
五道口 东王庄小区,顶层/6层,整租,/zufang/500020785.html,2室1厅,距离地铁清华东路西口419米,南北,7200元/月,精装,68.8平米,"近地铁,随时看",2019-04-22,五道口 六道口东王庄精装两居,近30天带看  4  次
杨庄 地铁楼,低楼层/9层,整租,/zufang/500020131.html,1室1厅,距离地铁杨庄707米,南,3600元/月,简装,60平米,"近地铁,随时看,拎包入住,集中供暖",2019-04-21,新上正规一居室 带客厅，朝南，带阳台， 带电梯，看房有钥匙,近30天带看  4  次
草桥 南珠苑,高楼层/21层,整租,/zufang/500017892.html,1室0厅,距离地铁草桥736米,东,4500元/月,精装,45平米,"近地铁,随时看,拎包入住,集中供暖",2019-04-24,草桥南珠苑精装开间  全齐随时入住,近30天带看  1  次
田村 西木小区,底层/7层,整租,/zufang/500017454.html,2室1厅,距离地铁海淀五路居361米,南北,6200元/月,精装,54.1平米,"近地铁,随时看,拎包入住,集中供暖",2019-04-20,海淀区 五路居地铁六号线 南北两居 西木小区,近30天带看  4  次
老山 老山西里,高楼层/16层,整租,/zufang/500017070.html,2室1厅,距离地铁八角游乐园727米,南,4300元/月,简装,60.34平米,"近地铁,随时看,拎包入住,集中供暖",2019-04-19,鲁谷 八角地铁 万达对面 老山西里 两居室带电梯拎包入住,近30天带看  4  次
双榆树 知春里,底层/6层,整租,/zufang/500002924.html,2室1厅,距离地铁海淀黄庄449米,南北,8700元/月,简装,61.2平米,"近地铁,随时看,拎包入住,集中供暖",2019-04-13,中关村知春里 南北通透全明格局看房随时 近地铁 头条房补范围,近30天带看  29  次
苏州桥 海淀南路,中楼层/16层,整租,/zufang/42786872.html,1室1厅,距离地铁海淀黄庄245米,南,5500元/月,精装,59平米,近地铁,2019-04-10,中关村 海淀区 海淀南路 一居室,近30天带看  24  次
酒仙桥 梵谷水郡,低楼层/24层,整租,/zufang/42792305.html,2室1厅,近30天带看  11  次,东南,8000元/月,精装,94平米,"拎包入住,集中供暖",,酒仙桥梵谷水郡精装2居，邻近898新华科技恒通798,
蒲黄榆 蒲黄榆四里,中楼层/6层,整租,/zufang/42791207.html,2室1厅,距离地铁蒲黄榆529米,东北,6100元/月,精装,60平米,"近地铁,随时看",2019-04-10,蒲黄榆四里新上2居带厅，老业主，本人有有钥匙,近30天带看  13  次
双桥 双惠苑4号院,顶层/6层,整租,/zufang/42786744.html,3室1厅,距离地铁双桥477米,南,8200元/月,精装,109.46平米,"近地铁,随时看,拎包入住",2019-04-18,朝阳双桥八通线 双惠苑 南北3室1厅看房随时拎包入住,近30天带看  9  次
通州北苑 长城国际,高楼层/20层,整租,/zufang/42776723.html,1室1厅,距离地铁果园986米,西,3800元/月,精装,50平米,"近地铁,随时看",2019-04-07,精装婚房世纪星城一居业主直租拎包入住,近30天带看  12  次
白石桥 西外太平庄,中楼层/6层,整租,/zufang/42771686.html,1室1厅,距离地铁动物园803米,南,5800元/月,简装,48平米,"近地铁,拎包入住,集中供暖",2019-04-07,西外太平庄 动物园宿舍 一居室 看房方便,近30天带看  12  次
临河里 华业东方玫瑰A区,高楼层/28层,整租,/zufang/42766424.html,1室1厅,距离地铁临河里827米,南,4400元/月,精装,60平米,"近地铁,随时看,拎包入住,集中供暖",2019-04-09,土桥，临河里，华业东方玫瑰，,近30天带看  9  次
草桥 草桥欣园三区,低楼层/6层,整租,/zufang/42765289.html,2室1厅,距离地铁草桥521米,南北,5500元/月,精装,75平米,"近地铁,随时看,拎包入住,集中供暖",2019-04-07,草桥欣园三区  正规两居室,近30天带看  9  次
苏州桥 艾瑟顿国际公寓,中楼层/25层,整租,/zufang/42765089.html,1室1厅,距离地铁苏州街284米,西,8700元/月,精装,80平米,"近地铁,拎包入住",2019-04-06,艾瑟顿一居室 视野采光好 拎包入住,近30天带看  18  次
德胜门 新德街,底层/10层,整租,/zufang/42763799.html,2室2厅,距离地铁积水潭777米,西北,11000元/月,精装,85.4平米,"近地铁,随时看,集中供暖",2019-04-05,积水潭 北师大二炮医院 新德街 精装两居 随时看房,近30天带看  9  次
月坛 月坛南街小四道口,底层/6层,整租,/zufang/42763403.html,1室1厅,距离地铁南礼士路1098米,南,6900元/月,精装,48.04平米,"近地铁,随时看,拎包入住",2019-04-05,金融街 南礼士路 月坛南街北里一居室出租,近30天带看  9  次
酒仙桥 梵谷水郡,中楼层/24层,整租,/zufang/42762520.html,1室1厅,近30天带看  9  次,西南,5500元/月,精装,45平米,"拎包入住,集中供暖",,酒仙桥梵谷水郡精装一居邻近898东风桥久隆,
五道口 科汇小区,中楼层/6层,整租,/zufang/42762168.html,2室1厅,距离地铁中关村1026米,南北,8000元/月,精装,60平米,"近地铁,随时看,拎包入住,集中供暖",2019-04-05,中科院家属院，科汇小区精装两居，看房提前联系,近30天带看  14  次
牡丹园 塔院消夏东里,高楼层/6层,整租,/zufang/42759627.html,2室1厅,距离地铁牡丹园562米,东西,7300元/月,精装,65平米,"近地铁,随时看,拎包入住,集中供暖",2019-04-13,好房，消夏东里两居室，看房随时，业主直租，能谈,近30天带看  9  次
首都机场 樱花园二区,底层/6层,整租,/zufang/42756680.html,1室1厅,近30天带看  11  次,南北,2400元/月,简装,37平米,"随时看,拎包入住,集中供暖",,樱花园二区底层一居随时看房白菜价,
学院路 八家嘉苑,高楼层/29层,整租,/zufang/42756621.html,3室1厅,近30天带看  10  次,南北,9500元/月,精装,94平米,"拎包入住,集中供暖",,八家嘉苑 南北透通 精装修 经济实用 三居室,
角门 怡然家园,中楼层/6层,整租,/zufang/500018630.html,1室1厅,近30天带看  2  次,南,5000元/月,精装,58平米,"随时看,拎包入住",,怡然家园  一居出租,
八角 八角北里,中楼层/18层,整租,/zufang/42787336.html,1室1厅,距离地铁八角游乐园1260米,东南西,3600元/月,简装,55平米,"近地铁,拎包入住,集中供暖",2019-04-09,八角北里正规一室一厅领包即住,近30天带看  17  次
芍药居 芍药居北里二区,中楼层/24层,整租,/zufang/42780363.html,3室1厅,距离地铁望京西1102米,东南,8500元/月,精装,110平米,"近地铁,拎包入住,集中供暖",2019-04-08,芍药居北里精装三居 家具家电齐全 紧邻芍药居地铁站 拎包入住,近30天带看  102  次
芍药居 芍药居2号院,底层/7层,整租,/zufang/42777455.html,2室1厅,距离地铁芍药居247米,南北,7000元/月,精装,74平米,"近地铁,随时看,拎包入住,集中供暖",2019-04-07,《月付好房源》芍药居精装两居 地铁10 13号线 拎包入住,近30天带看  28  次
小西天 索家坟,中楼层/6层,整租,/zufang/42775831.html,1室1厅,距离地铁西直门1164米,南北,6500元/月,精装,45.4平米,"近地铁,集中供暖",2019-04-07,索家坟小区精装一居室,近30天带看  19  次
芍药居 芍药居2号院,高楼层/7层,整租,/zufang/42775020.html,2室1厅,距离地铁芍药居247米,南北,7200元/月,简装,57.78平米,"近地铁,随时看,拎包入住,集中供暖",2019-04-10,《芍药居地铁旁精装两居出租》 太阳宫 对外经贸 中日友好,近30天带看  41  次
中关村 东南小区,中楼层/5层,整租,/zufang/42774459.html,2室1厅,距离地铁海淀黄庄591米,南北,9000元/月,精装,68平米,"近地铁,拎包入住,集中供暖",2019-04-07,中关村东南小区正规两居室长租,近30天带看  97  次
中关村 科育小区,顶层/5层,整租,/zufang/42764931.html,2室1厅,距离地铁中关村479米,南北,8800元/月,精装,60平米,"近地铁,随时看,拎包入住",2019-04-09,科育小区精装两居 邻近一 小 搜狐 融科喜欢距离就来吧,近30天带看  38  次
望京 宝星园,中楼层/23层,整租,/zufang/42762211.html,2室1厅,距离地铁望京东612米,东南,13000元/月,精装,106平米,"近地铁,随时看,可短租,拎包入住",2019-04-05,稀有户型，宝星园精装两居，老业主诚意出租，家私齐全，临望京东,近30天带看  19  次
五道口 褐石,中楼层/5层,整租,/zufang/42761318.html,2室1厅,近30天带看  23  次,南北,19000元/月,精装,101平米,"拎包入住,集中供暖",,清华北褐石精装两居家具齐全拎包住长租,
芍药居 芍药居北里一区,中楼层/7层,整租,/zufang/42756323.html,2室1厅,距离地铁芍药居1068米,东西,6700元/月,精装,57.4平米,"近地铁,随时看,拎包入住,集中供暖",2019-04-10,"芍药居地铁,对外经贸,中日医院,北服,惠新,",近30天带看  37  次
惠新西街 小关东街,顶层/6层,整租,/zufang/42755783.html,2室1厅,距离地铁安贞门406米,南北,6700元/月,精装,72平米,"近地铁,可短租,拎包入住,集中供暖",2019-04-06,环宇荟精装修两居室 家具家电齐全 近安贞门地铁站 拎包入住,近30天带看  17  次
芍药居 芍药居北里一区,低楼层/14层,整租,/zufang/42755393.html,1室1厅,距离地铁芍药居1068米,南北,5700元/月,精装,58平米,"近地铁,随时看,拎包入住,集中供暖",2019-04-10,芍药居地铁站 世奥国际 居然之家 育慧南路 看房方便,近30天带看  30  次
五道口 大通成府公馆,中楼层/7层,整租,/zufang/42737255.html,2室2厅,距离地铁五道口596米,南西北,15800元/月,豪装,98平米,"近地铁,随时看,拎包入住,集中供暖",2019-04-04,清华南门精装大两居出租 家具家电可配置 有钥匙 价钱可谈,近30天带看  23  次
龙泽 融泽嘉园6号院,低楼层/31层,整租,/zufang/42717540.html,2室1厅,距离地铁龙泽893米,南,6300元/月,精装,87平米,"近地铁,随时看,拎包入住,集中供暖",2019-03-29,精装两居融泽嘉园 西二旗大街上地十街 软件园百度,近30天带看  19  次
四季青 曙光花园望山园,底层/18层,整租,/zufang/42709656.html,3室1厅,距离地铁车道沟676米,东南,13000元/月,精装,143平米,"近地铁,随时看,拎包入住",2019-03-28,车道沟曙光花园望山园 精装大三居出租 随时看房 拎包入住,近30天带看  21  次
望京 圣馨大地家园,中楼层/33层,整租,/zufang/42702766.html,3室2厅,距离地铁望京661米,东南,13000元/月,精装,143平米,"近地铁,拎包入住,集中供暖",2019-03-29,圣馨大地 高端社区精装修 随时看房随时入住,近30天带看  28  次
双榆树 双榆树北里,顶层/6层,整租,/zufang/42700664.html,1室1厅,近30天带看  21  次,南,6800元/月,精装,50平米,"近地铁,拎包入住,集中供暖",,双榆树北里新上大一居紧邻中航广场、人大地铁看房联系,
月坛 三里河三区,低楼层/6层,整租,/zufang/42654111.html,2室1厅,距离地铁木樨地479米,东西,7000元/月,简装,57平米,"近地铁,拎包入住,集中供暖",2019-03-21,三里河三区 中层两居 小区环境好 可看房,近30天带看  18  次
双榆树 知春东里,顶层/6层,整租,/zufang/42605724.html,3室1厅,距离地铁知春里373米,南北,11500元/月,精装,75.2平米,"近地铁,随时看",2019-03-15,知春东里 南北向三居室  随时看房近地铁,近30天带看  40  次
德胜门 北广家园,顶层/16层,整租,/zufang/42584163.html,1室1厅,距离地铁安德里北街1054米,东,5500元/月,精装,38.71平米,"近地铁,集中供暖",2019-04-18,黄寺大街 北广家园 一室一厅,近30天带看  18  次
双榆树 青年公寓,中楼层/18层,整租,/zufang/42580370.html,1室1厅,距离地铁人民大学485米,北,6000元/月,精装,45平米,"近地铁,随时看,拎包入住,集中供暖",2019-03-10,双榆树，青年公寓一室一厅一卫,近30天带看  21  次
中关村 东南小区,中楼层/6层,整租,/zufang/42567302.html,3室1厅,距离地铁海淀黄庄591米,南北,12000元/月,精装,72平米,"近地铁,随时看,拎包入住,集中供暖",2019-03-08,中关村 东南小区 三居室 楼层好 随时看房,近30天带看  77  次
三里屯 北三里屯社区,顶层/5层,整租,/zufang/42536711.html,2室1厅,距离地铁农业展览馆731米,南北,7800元/月,精装,63平米,"近地铁,随时看",2019-03-14,三里屯精装两居，明厨明卫。拎包入住,近30天带看  17  次
通州北苑 长城国际,中楼层/21层,整租,/zufang/42524548.html,1室1厅,距离地铁果园986米,西,3500元/月,精装,48平米,"近地铁,随时看,拎包入住,集中供暖",2019-03-04,长城国际新上业主直租精装大开间，,近30天带看  18  次
苏州桥 小南庄,低楼层/6层,整租,/zufang/500027489.html,2室1厅,距离地铁苏州街1027米,南北,5500元/月,简装,65.7平米,近地铁,2019-04-24,中关村 苏州桥 人大西门 两居 5500,近30天带看  2  次
亚运村小营 亚运豪庭,高楼层/26层,整租,/zufang/500020951.html,2室1厅,近30天带看  4  次,西北,12000元/月,豪装,93平米,"随时看,拎包入住",,小营路、新上豪装大两居、业主第一次租、看房随时。,
五道口 褐石,底层/5层,整租,/zufang/500019170.html,3室2厅,近30天带看  1  次,南北,32000元/月,精装,270平米,"拎包入住,集中供暖",,清华北门 褐石园别墅 平层豪装大三居 业主自住,
成寿寺 四方景园三区,低楼层/17层,整租,/zufang/500018398.html,2室1厅,距离地铁方庄1068米,南北,6500元/月,简装,90平米,"近地铁,随时看",2019-04-21,(急租）押一付一业主直租 无物业费 诚意出租,近30天带看  2  次
月坛 三里河二区,高楼层/18层,整租,/zufang/500018281.html,2室1厅,近30天带看  2  次,南,12000元/月,精装,76.3平米,"随时看,拎包入住,集中供暖",,三里河二区精装两居室，紧邻金融街复兴门南礼士路月坛阜成门,
广安门 荣丰2008,高楼层/10层,整租,/zufang/500018194.html,1室1厅,近30天带看  3  次,南,5400元/月,精装,32平米,"拎包入住,集中供暖",,广安门达官营 荣丰2008复式 二期南向 双卫,
月坛 复兴门北大街,中楼层/20层,整租,/zufang/500017478.html,2室1厅,距离地铁复兴门303米,南,9000元/月,精装,70平米,"近地铁,拎包入住",2019-04-23,金融街，南礼士路，月坛，复兴门北大街精装两居室，提前联系,近30天带看  3  次
惠新西街 樱花园,中楼层/6层,整租,/zufang/42787455.html,2室1厅,距离地铁惠新西街南口398米,南,6500元/月,精装,68平米,"近地铁,拎包入住,集中供暖",2019-04-09,樱花园，出租精装两居室，临近惠新西街南口，中日友好医院,近30天带看  35  次
惠新西街 樱花园,中楼层/16层,整租,/zufang/42764281.html,2室1厅,距离地铁惠新西街南口398米,东北,6800元/月,精装,70平米,"近地铁,拎包入住,集中供暖",2019-04-05,樱花园出租婚房两居室 惠新西街南口 中日友好医院,近30天带看  47  次
望京 东洲家园,高楼层/22层,整租,/zufang/42774322.html,2室1厅,近30天带看  14  次,南北,6600元/月,简装,88平米,"随时看,可短租,拎包入住",,地铁14号线来广营站 精装修适合附近上班族 邻朝来，太极，,
望京 望京新城,高楼层/30层,整租,/zufang/42787896.html,3室1厅,距离地铁望京555米,南,10000元/月,精装,107.5平米,"近地铁,随时看",2019-04-18,望京新城正规三居室 随时入住 看房随时 南北通透,近30天带看  16  次
芍药居 芍药居北里三区,顶层/6层,整租,/zufang/42771235.html,1室1厅,距离地铁芍药居760米,南,6200元/月,精装,55平米,"近地铁,随时看,拎包入住,集中供暖",2019-04-07,芍药居精装朝南一居 紧邻地铁 出行方便 看房提前联系,近30天带看  41  次
知春路 知春路2号院,底层/6层,整租,/zufang/500014004.html,3室1厅,距离地铁西土城169米,南北,9100元/月,精装,73.5平米,"近地铁,随时看,拎包入住,集中供暖",2019-04-18,地铁西土城站  知春路2号院三居 随时看房,近30天带看  11  次
中关村 东南小区,中楼层/6层,整租,/zufang/500015762.html,2室1厅,距离地铁海淀黄庄591米,南北,8000元/月,精装,62.3平米,"近地铁,随时看,拎包入住,集中供暖",2019-04-19,东南 科育  南北两居临近搜狐融科不临街黄金楼 有车位,近30天带看  81  次
回龙观 国仕汇,低楼层/15层,整租,/zufang/42795509.html,2室1厅,近30天带看  9  次,南,5000元/月,精装,81平米,"随时看,拎包入住",,回龙观国仕汇精装修大一居 随时看房 紧邻13号线龙泽地铁,
花乡 鸿业兴园二区,高楼层/18层,整租,/zufang/42788408.html,2室1厅,距离地铁丰台南路934米,南北,6500元/月,简装,89平米,"近地铁,随时看",2019-04-10,总部基地、科技园、天坛医院、两居、长期出租、业主直租,近30天带看  10  次
望京 星源国际,低楼层/30层,整租,/zufang/42784320.html,3室1厅,距离地铁望京414米,南北,17500元/月,精装,157平米,"近地铁,随时看,集中供暖",2019-04-09,地铁望京站可办公用，大面积，大空间,近30天带看  10  次
望京 望京花园西区,中楼层/24层,整租,/zufang/42774346.html,2室1厅,距离地铁东湖渠497米,东北,8500元/月,简装,85平米,"近地铁,拎包入住,集中供暖",2019-04-08,老业主直租望京花园西区温馨两居，看好可谈,近30天带看  12  次
古城 古城南路小区,顶层/5层,整租,/zufang/42765513.html,2室1厅,距离地铁古城199米,南北,4500元/月,简装,56.1平米,"近地铁,集中供暖",2019-04-06,古城地铁口 古城南路小区 两居室出租 南北向,近30天带看  16  次
亚运村 安慧北里逸园,中楼层/26层,整租,/zufang/42763718.html,2室2厅,距离地铁大屯路东500米,南,8500元/月,简装,101平米,"近地铁,随时看,拎包入住,集中供暖",2019-04-08,亚运村 安慧北里逸园大两居 紧邻地铁站 家电齐全,近30天带看  16  次
双榆树 满庭芳园,高楼层/24层,整租,/zufang/42763706.html,3室2厅,距离地铁人民大学835米,东北,15000元/月,精装,117平米,"近地铁,随时看,拎包入住,集中供暖",2019-04-05,满庭芳园精装修三居室，已装修完半年，少有新装长期出租,近30天带看  15  次
西直门 交大嘉园,中楼层/19层,整租,/zufang/42762258.html,3室1厅,距离地铁西直门1091米,东,9500元/月,精装,82平米,"近地铁,随时看",2019-04-05,西直门交大嘉园居家两居,近30天带看  11  次
四惠 通惠家园惠民园,高楼层/6层,整租,/zufang/42760993.html,2室1厅,近30天带看  12  次,南北,7500元/月,简装,88平米,"近地铁,随时看,拎包入住,集中供暖",,四惠东通惠家园南北通透大两居近地铁采光棒,
望京 南湖东园一区,低楼层/28层,整租,/zufang/42759646.html,2室1厅,距离地铁望京509米,东南,8500元/月,简装,89平米,"近地铁,拎包入住,集中供暖",2019-04-05,地铁望京站 南湖东园两居室 配置齐全,近30天带看  16  次
崇文门 新裕家园,高楼层/16层,整租,/zufang/42755747.html,2室1厅,距离地铁磁器口323米,南,12500元/月,精装,93.37平米,"近地铁,随时看,拎包入住,集中供暖",2019-04-05,崇文门磁器口南向两居,近30天带看  14  次
灯市口 锡拉胡同21号院,高楼层/6层,整租,/zufang/500027233.html,2室1厅,距离地铁灯市口900米,东西,8600元/月,精装,58平米,"近地铁,集中供暖",2019-04-22,东华门 东单 灯市口锡拉胡同两居室,近30天带看  2  次
清河 清缘里小区,高楼层/10层,整租,/zufang/42752804.html,3室1厅,距离地铁永泰庄985米,南北,8000元/月,精装,100平米,"近地铁,随时看",2019-04-04,龙岗路永辉超市对面清缘里小区三居室家电全齐看房有钥匙拎包住,近30天带看  9  次
蒲黄榆 刘家窑东里,中楼层/18层,整租,/zufang/42749768.html,2室1厅,距离地铁蒲黄榆447米,西南,6000元/月,精装,61平米,"近地铁,随时看,拎包入住,集中供暖",2019-04-03,蒲黄榆刘家窑地铁站附近出现精装大两居采光好看房方便,近30天带看  9  次
牡丹园 北影小区,顶层/12层,整租,/zufang/42748275.html,3室1厅,距离地铁西土城497米,南北,9800元/月,精装,80平米,"近地铁,随时看",2019-04-05,北影 精装修3居 交通便利长租设施完善,近30天带看  10  次
西直门 交大嘉园,高楼层/19层,整租,/zufang/42746121.html,3室1厅,距离地铁西直门1091米,东南,12000元/月,简装,108平米,"近地铁,随时看",2019-04-03,西直门交大嘉园108平三居 近交大东路卫生部长河湾,近30天带看  9  次
古城 古城路,顶层/4层,整租,/zufang/42744478.html,1室1厅,距离地铁古城420米,南,3200元/月,简装,26.61平米,"近地铁,随时看,拎包入住,集中供暖",2019-04-02,古城路 中装小一居 拎包入住,近30天带看  10  次
学院路 清华东路27号院,顶层/6层,整租,/zufang/42743402.html,2室1厅,距离地铁六道口233米,南北,6900元/月,简装,60平米,"近地铁,随时看,拎包入住,集中供暖",2019-04-04,六道口地铁站旁、清华东路27号院简单装修两居室,近30天带看  13  次
厂洼 厂洼街1号院,中楼层/6层,整租,/zufang/42743019.html,1室1厅,距离地铁车道沟1186米,南北,7000元/月,精装,44平米,"近地铁,随时看,拎包入住,集中供暖",2019-04-03,新业主出租，精装修，有钥匙，随时看房,近30天带看  16  次
龙泽 新龙城,低楼层/20层,整租,/zufang/42738724.html,3室1厅,距离地铁龙泽438米,南北,7800元/月,精装,90平米,"近地铁,随时看",2019-04-02,新龙城业主自住三居室 13号回龙观站 华联 家电齐全,近30天带看  12  次
金宝街 赵堂子胡同,中楼层/7层,整租,/zufang/42738717.html,1室1厅,距离地铁建国门785米,南,6600元/月,精装,48平米,"近地铁,随时看,可短租,集中供暖",2019-04-02,赵堂子朝南一居带车位入住可做保洁 建国门金宝街外交部街,近30天带看  9  次
望京 国风北京,高楼层/13层,整租,/zufang/42732354.html,1室2厅,距离地铁望京东985米,南,10000元/月,简装,84平米,"近地铁,随时看,拎包入住",2019-04-04,国风北京全南一居室正对小区花园周边五百强企业,近30天带看  12  次
苏州桥 大河庄苑,中楼层/18层,整租,/zufang/42732044.html,1室1厅,距离地铁苏州街630米,西,7000元/月,精装,50平米,"近地铁,拎包入住,集中供暖",2019-04-03,苏州街，大河庄苑精装一居，邻近中湾国际，稻香园，芙蓉里,近30天带看  12  次
回龙观 龙博苑一区,底层/6层,整租,/zufang/42719941.html,1室1厅,距离地铁回龙观323米,南,5500元/月,简装,60平米,"近地铁,随时看,拎包入住",2019-03-29,回龙观地铁龙博苑一区  一居室,近30天带看  14  次
团结湖 团结湖中路南一条,顶层/6层,整租,/zufang/42718298.html,2室1厅,距离地铁呼家楼656米,南北,7300元/月,精装,63平米,"近地铁,随时看,拎包入住",2019-03-29,东三环/北口婚房两居 临国贸财富 盈科三里屯博瑞佳隆10号线,近30天带看  11  次
阜成门 北露园,中楼层/6层,整租,/zufang/42716713.html,1室1厅,距离地铁车公庄西773米,西,6300元/月,简装,63平米,"近地铁,随时看,拎包入住,集中供暖",2019-03-29,北露园小区（开行院）紧邻外文局、图书大厦，看房随时,近30天带看  10  次
团结湖 团结湖北口,高楼层/16层,整租,/zufang/42714597.html,1室1厅,距离地铁团结湖70米,南,5300元/月,简装,55平米,"近地铁,随时看,可短租",2019-03-30,10号团结湖站 高层南向一居室 看房随时 下楼地铁,近30天带看  15  次
德胜门 马甸南村,低楼层/22层,整租,/zufang/42707859.html,2室1厅,距离地铁健德门1151米,南北,7500元/月,精装,57.7平米,"近地铁,随时看,集中供暖",2019-03-27,"马甸南村, 新风街辽宁饭店,吉第嘉园,随时看房",近30天带看  14  次
北关 馨通家园,低楼层/6层,整租,/zufang/42702244.html,2室1厅,距离地铁通州北苑1322米,南北,5000元/月,精装,98平米,"近地铁,随时看,可短租,拎包入住",2019-03-30,馨通家园 在水一方 精装两居 二层 南北通透,近30天带看  11  次
木樨地 木樨地南里,底层/6层,整租,/zufang/42699030.html,1室1厅,距离地铁木樨地906米,南,5500元/月,精装,45平米,"近地铁,随时看,拎包入住,集中供暖",2019-03-28,采光棒 有钥匙一居 交通便利 家具全齐长租短租都行,近30天带看  10  次
木樨地 复兴门外大街21、23、25、27、29号楼,顶层/12层,整租,/zufang/42698249.html,1室1厅,距离地铁木樨地312米,南,8600元/月,豪装,55平米,"近地铁,随时看,拎包入住,集中供暖",2019-03-27,月坛三里河发改委财政部精装一居室拎包入住,近30天带看  13  次
月坛 月坛北街,底层/5层,整租,/zufang/42695803.html,1室1厅,距离地铁阜成门581米,东,7600元/月,精装,45平米,"近地铁,可短租,拎包入住",2019-03-27,月坛北街精装一居紧邻金融街 月坛,近30天带看  9  次
马驹桥 莲水怡园,顶层/6层,整租,/zufang/42685336.html,2室2厅,距离地铁同济南路1438米,南北,4300元/月,精装,101平米,"近地铁,随时看,拎包入住,集中供暖",2019-03-24,新上！莲水怡园！精装两居室！房子干净整洁！随时看房！,近30天带看  9  次
苏州桥 大河庄苑,高楼层/18层,整租,/zufang/42674951.html,1室1厅,距离地铁苏州街630米,东,7000元/月,精装,58平米,"近地铁,随时看,拎包入住,集中供暖",2019-03-26,苏州街，大河庄苑东向一居，邻近中湾国际，稻香园，芙蓉里,近30天带看  12  次
六铺炕 六铺炕一区,低楼层/6层,整租,/zufang/42672674.html,1室1厅,距离地铁安德里北街274米,西,6200元/月,精装,44.7平米,"近地铁,随时看,拎包入住,集中供暖",2019-03-26,六铺炕一区 鼓楼大街地铁旁 精装一居室长租 你出价我来谈,近30天带看  13  次
牛街 东华金座,中楼层/22层,整租,/zufang/42669359.html,1室1厅,距离地铁广安门内658米,西,5600元/月,精装,50平米,"近地铁,拎包入住,集中供暖",2019-03-22,广安门内 长椿街 东华金座新上一居室 看房提前预约,近30天带看  15  次
白石桥 西外太平庄,低楼层/6层,整租,/zufang/42667354.html,2室1厅,距离地铁动物园803米,南北,7300元/月,豪装,65平米,"近地铁,拎包入住,集中供暖",2019-03-22,钢研气象局向东附近 动物园宿舍 两居 看房方便,近30天带看  11  次
金顶街 金顶街赵山,低楼层/6层,整租,/zufang/42661297.html,2室1厅,距离地铁金安桥839米,南北,4000元/月,简装,62.16平米,"近地铁,随时看,拎包入住,集中供暖",2019-03-21,金顶街赵山 家具家电全齐 拎包入住 长租,近30天带看  15  次
德胜门 新明胡同,低楼层/18层,整租,/zufang/42642407.html,2室1厅,距离地铁积水潭1291米,南,7400元/月,精装,60.7平米,"近地铁,随时看,拎包入住,集中供暖",2019-03-19,新上两居，看房方便，采光好,近30天带看  10  次
月坛 三里河三区,顶层/5层,整租,/zufang/42634674.html,2室1厅,距离地铁木樨地479米,南北,6600元/月,简装,48.2平米,"近地铁,随时看,拎包入住,集中供暖",2019-03-21,三里河三区两居室，紧邻金融街复兴门南礼士路月坛军博白云路阜成,近30天带看  13  次
三里屯 北三里屯社区,高楼层/6层,整租,/zufang/42627960.html,2室1厅,距离地铁农业展览馆731米,东西,7500元/月,精装,65平米,"近地铁,随时看",2019-03-21,东三里屯精装两居，明厨明卫。拎包入住。,近30天带看  14  次
临河里 DBC加州小镇C区,底层/16层,整租,/zufang/42618843.html,1室1厅,距离地铁土桥835米,南,3000元/月,精装,43.91平米,"近地铁,拎包入住,集中供暖",2019-03-25,土桥临河里！温馨1居！精致装修！看房方便！拎包住！,近30天带看  10  次
西直门 金晖嘉园,高楼层/14层,整租,/zufang/42614380.html,2室2厅,距离地铁西直门686米,南北,18000元/月,精装,133.27平米,"近地铁,拎包入住,集中供暖",2019-03-14,北二环 西直门凯德嘉茂 金晖嘉园大两居出租,近30天带看  10  次
朝阳门 三丰里小区,顶层/18层,整租,/zufang/42602731.html,1室1厅,距离地铁朝阳门710米,东,6000元/月,简装,48.39平米,"近地铁,随时看,拎包入住,集中供暖",2019-03-13,三丰里一居室出租随时看房有钥匙,近30天带看  10  次
霍营 华龙苑南里,高楼层/6层,整租,/zufang/42592448.html,2室1厅,距离地铁霍营552米,南北,5800元/月,简装,75平米,"近地铁,拎包入住,集中供暖",2019-03-12,霍营 华龙苑南里  两居整租 包物业取暖拎包入住,近30天带看  10  次
天通苑 天通苑北二区,高楼层/14层,整租,/zufang/42566878.html,2室1厅,距离地铁天通苑1047米,东北,6000元/月,精装,100平米,"近地铁,随时看,拎包入住,集中供暖",2019-03-08,天通苑带电梯 紧邻地铁 精装全齐 南北通透两居室,近30天带看  12  次
管庄 柏林爱乐二期,中楼层/24层,整租,/zufang/42564753.html,1室1厅,距离地铁常营892米,北,4900元/月,精装,49平米,"近地铁,随时看,集中供暖",2019-03-08,常营 柏林爱乐精装一居室 紧邻6号线黄渠站 天街商场,近30天带看  12  次
阎村 天恒乐活城北区,低楼层/3层,整租,/zufang/42564752.html,1室1厅,距离地铁阎村225米,南,2000元/月,简装,46.98平米,"近地铁,随时看",2019-03-08,房山阎村乐活城北区一居室出租,近30天带看  9  次
灯市口 灯市口西街,高楼层/6层,整租,/zufang/42559427.html,1室1厅,距离地铁中国美术馆758米,南,6600元/月,精装,45.73平米,"近地铁,拎包入住,集中供暖",2019-03-08,北河沿 骑河楼东单地铁 锡拉胡同  东华门大街一居,近30天带看  10  次
望京 北纬40度二期,中楼层/9层,整租,/zufang/42549870.html,3室2厅,距离地铁来广营427米,南北,18000元/月,精装,167平米,"近地铁,随时看,拎包入住,集中供暖",2019-03-05,大三居，望京14号线来广营站，南北落地窗，品质小区，我有钥匙,近30天带看  12  次
月坛 铁二区,低楼层/6层,整租,/zufang/42548766.html,1室1厅,距离地铁南礼士路610米,南北,7300元/月,简装,40平米,"近地铁,随时看,拎包入住,集中供暖",2019-04-21,铁二区 新上一居 二七剧场路复外大街南礼士路附近,近30天带看  16  次
天宫院 保利春天里,低楼层/20层,整租,/zufang/42525550.html,2室1厅,距离地铁天宫院298米,南北,4500元/月,精装,85平米,"近地铁,随时看,拎包入住,集中供暖",2019-03-03,保利春天里二室一厅一卫,近30天带看  9  次
双榆树 青年公寓,高楼层/18层,整租,/zufang/42491158.html,1室1厅,距离地铁人民大学485米,北,6300元/月,简装,45平米,"近地铁,随时看,拎包入住,集中供暖",2019-02-26,双榆树，青年公寓一室一厅一卫,近30天带看  15  次
德胜门 裕中西里,高楼层/20层,整租,/zufang/42483342.html,3室1厅,距离地铁健德门719米,南北,12000元/月,精装,87.8平米,"近地铁,随时看",2019-03-21,双阳台大三居带客厅业主直租随时看房有钥匙,近30天带看  14  次
灯市口 北河沿大街,中楼层/5层,整租,/zufang/42474055.html,2室1厅,近30天带看  12  次,东西,7500元/月,精装,60平米,"近地铁,拎包入住,集中供暖",,美术馆后街 沙滩五四大街北河沿大街南锣鼓巷两居,
芍药居 芍药居甲2号院,顶层/20层,整租,/zufang/42732035.html,2室1厅,距离地铁芍药居426米,南,7500元/月,精装,86平米,"近地铁,随时看,拎包入住,集中供暖",2019-03-31,芍药居精装两居室，紧邻地铁，拎包入住，居家必备,近30天带看  79  次
芍药居 芍药居北里三区,底层/6层,整租,/zufang/42727559.html,2室1厅,距离地铁芍药居760米,南,7000元/月,精装,51平米,"近地铁,随时看,拎包入住,集中供暖",2019-04-04,芍药居 精装两居室 家电齐全 拎包入住 出行便利,近30天带看  24  次
芍药居 芍药居北里一区,中楼层/7层,整租,/zufang/42716880.html,2室1厅,距离地铁芍药居1068米,南北,6500元/月,精装,75.3平米,"近地铁,拎包入住,集中供暖",2019-03-29,精装两居|芍药居地铁站|外经贸|金色摇篮|未来购物广场,近30天带看  96  次
苏州桥 小南庄,顶层/6层,整租,/zufang/42711957.html,2室1厅,距离地铁苏州街1027米,南北,7800元/月,精装,60平米,"近地铁,集中供暖",2019-03-28,苏州桥城乡仓储 小南庄南北精装两居室,近30天带看  18  次
芍药居 芍药居北里三区,中楼层/15层,整租,/zufang/42711747.html,1室1厅,距离地铁芍药居760米,南,6000元/月,精装,60平米,"近地铁,可短租,拎包入住,集中供暖",2019-03-28,精装修一居室，房东直租 正南向 宽敞舒适 拎包入住,近30天带看  41  次
小西天 索家坟,高楼层/14层,整租,/zufang/42709066.html,2室1厅,距离地铁西直门1164米,西北,9200元/月,精装,79.75平米,"近地铁,拎包入住,集中供暖",2019-03-28,索家坟精装二居室 桔子酒店 文慧园 今典花园 枫蓝国际附近,近30天带看  18  次
中关村 东南小区,顶层/6层,整租,/zufang/42706796.html,2室1厅,距离地铁海淀黄庄591米,南,8000元/月,简装,60平米,"近地铁,集中供暖",2019-03-29,向阳采光好的两居室，看房子提前联系,近30天带看  55  次
芍药居 隆远阁,高楼层/15层,整租,/zufang/42702960.html,1室1厅,距离地铁芍药居330米,南,7000元/月,精装,72平米,"近地铁,随时看,拎包入住,集中供暖",2019-03-27,芍药居甲2正规一居室出租，精装修，紧邻地铁！,近30天带看  27  次
双榆树 双榆树北路,顶层/6层,整租,/zufang/42689169.html,2室1厅,近30天带看  23  次,南北,7500元/月,简装,65平米,"近地铁,随时看,拎包入住,集中供暖",,双榆树北路温馨两居 知春里地铁 今日头条可报销 适合上班族,
中关村 东南小区,中楼层/16层,整租,/zufang/42687237.html,1室1厅,距离地铁海淀黄庄591米,东,6800元/月,简装,50平米,"近地铁,拎包入住,集中供暖",2019-03-25,东南小区航天社区电梯一室一厅出租,近30天带看  66  次
望京 北纬40度二期,高楼层/29层,整租,/zufang/42677569.html,1室1厅,距离地铁来广营427米,南,7800元/月,精装,68平米,"近地铁,拎包入住,集中供暖",2019-03-23,望京 紧邻朝来，诚盈，欧尚邻来广营站14号线,近30天带看  22  次
芍药居 芍药居北里三区,高楼层/18层,整租,/zufang/42672040.html,2室1厅,距离地铁芍药居760米,东南,8000元/月,精装,96平米,"近地铁,随时看,拎包入住,集中供暖",2019-03-22,芍药居北里三区二室一厅一卫,近30天带看  32  次
小西天 西直门铁路危改小区,低楼层/10层,整租,/zufang/42667122.html,2室1厅,距离地铁西直门430米,西,10500元/月,精装,94平米,"近地铁,随时看",2019-03-22,熙府桃园 时代之光 德胜门 北京人民医院,近30天带看  27  次
中关村 新科祥园,低楼层/21层,整租,/zufang/42661620.html,2室1厅,距离地铁中关村665米,东南,16000元/月,精装,88平米,"近地铁,随时看",2019-03-21,业主自住，中关村新科祥园，东南向，家电家具齐全，随时拎包入住,近30天带看  66  次
回龙观 龙博苑三区,顶层/6层,整租,/zufang/42658158.html,1室1厅,距离地铁育新747米,南,3500元/月,简装,30平米,"近地铁,拎包入住",2019-03-21,龙博苑三区独立一居室出租，干净整洁,近30天带看  21  次
回龙观 龙腾苑四区,中楼层/6层,整租,/zufang/42649074.html,3室1厅,距离地铁回龙观666米,南北,8600元/月,精装,148平米,"近地铁,随时看,集中供暖",2019-03-20,龙腾苑四区精装大三居 随时入住,近30天带看  18  次
龙泽 新龙城,底层/20层,整租,/zufang/42641705.html,1室1厅,距离地铁龙泽438米,北,3850元/月,精装,40平米,"近地铁,随时看",2019-03-20,新龙城开间出租 13号回龙观站 随时入住,近30天带看  17  次
芍药居 芍药居北里一区,中楼层/7层,整租,/zufang/42617666.html,2室1厅,距离地铁芍药居1068米,南北,6600元/月,精装,65平米,"近地铁,随时看,拎包入住,集中供暖",2019-03-15,地铁芍药居站，中日友好医院，对外经贸，望和桥，惠新西街南口,近30天带看  70  次
芍药居 芍药居北里一区,低楼层/24层,整租,/zufang/42579161.html,2室1厅,距离地铁芍药居1068米,南,6500元/月,精装,82平米,"近地铁,随时看,拎包入住,集中供暖",2019-03-10,芍药居地铁站芍药居北里 世奥国际 居然之家业主直租两居室,近30天带看  47  次
望京 望京西园三区,中楼层/28层,整租,/zufang/42570021.html,2室1厅,距离地铁望京521米,东南,8500元/月,精装,83平米,"近地铁,随时看,拎包入住",2019-03-10,望京西园三区精装两居室 出门地铁站 拎包入住,近30天带看  16  次
中关村 新科祥园,顶层/21层,整租,/zufang/42568295.html,2室1厅,距离地铁中关村665米,南,15000元/月,简装,84平米,"近地铁,随时看,拎包入住,集中供暖",2019-03-09,新上房源，中关村新科祥园2居，家电家具齐全可以长租,近30天带看  45  次
西二旗 西二旗铭科苑,高楼层/6层,整租,/zufang/42520646.html,1室1厅,距离地铁西二旗728米,南,5300元/月,精装,58平米,"近地铁,随时看,拎包入住,集中供暖",2019-03-02,紧邻城铁西二旗上地 软件园 铭科苑 精装一居 小米新浪,近30天带看  18  次
良乡 北潞春,低楼层/10层,整租,/zufang/42794200.html,3室2厅,近30天带看  1  次,东北,3500元/月,简装,108平米,拎包入住,,北潞春三居室 家具家电齐全 价格合适 看房方便,
东单 外交部街,高楼层/6层,整租,/zufang/42794073.html,1室1厅,距离地铁东单788米,南,6800元/月,精装,42平米,"近地铁,随时看",2019-04-13,外交部街南小街 协和 东单灯市口 华润天润中粮广场,近30天带看  7  次
亚运村小营 阳明广场,中楼层/19层,整租,/zufang/42792270.html,3室1厅,距离地铁关庄888米,南北,17000元/月,简装,146.44平米,"近地铁,随时看",2019-04-11,亚运村、小营 新上大三居 空房 随时用 看房有钥匙,近30天带看  1  次
回龙观 龙腾苑二区,中楼层/6层,整租,/zufang/42791273.html,3室1厅,距离地铁回龙观744米,南北,7000元/月,精装,101平米,"近地铁,随时看",2019-04-10,龙腾苑二区 正规三居室 紧邻地铁 购物方便,近30天带看  4  次
建国门外 长安驿,低楼层/27层,整租,/zufang/42786875.html,1室1厅,距离地铁永安里570米,南,10500元/月,精装,79.01平米,"近地铁,随时看,拎包入住,集中供暖",2019-04-10,长安街边上国贸CBD商圈长安驿南向正规一居室可看,近30天带看  4  次
方庄 芳城园二区,高楼层/27层,整租,/zufang/42786352.html,1室1厅,距离地铁方庄650米,南,5000元/月,简装,47平米,"近地铁,随时看,拎包入住,集中供暖",2019-04-09,简装一居室，独立物业，高楼层，拎包入住,近30天带看  8  次
定福庄 定福庄北里1号院,底层/6层,整租,/zufang/42785660.html,2室1厅,距离地铁褡裢坡702米,南北,5800元/月,精装,60平米,"近地铁,随时看",2019-04-09,业主直租!褡裢坡站 定福庄北里 拎包入住,近30天带看  2  次
北关 财富东方,中楼层/26层,整租,/zufang/42785299.html,2室2厅,距离地铁通州北关872米,西北,5000元/月,简装,93平米,近地铁,2019-04-10,北关·财富东方 正规两居室，急租,近30天带看  6  次
甘家口 增光路36号院,低楼层/14层,整租,/zufang/42785158.html,3室1厅,距离地铁白堆子469米,东西,7000元/月,简装,95平米,"近地铁,可短租,集中供暖",2019-04-10,增光路36号院 三居出租 带电梯 增光佳苑 白堆子地铁,近30天带看  1  次
安定门 青年湖东里,中楼层/5层,整租,/zufang/42784727.html,1室1厅,距离地铁安定门845米,东,4900元/月,简装,38.27平米,"近地铁,集中供暖",2019-04-19,安定门 青年湖东里 一居室 南向 中楼层,近30天带看  3  次
德胜门 新风南里,高楼层/7层,整租,/zufang/42783271.html,1室1厅,近30天带看  3  次,北,6600元/月,精装,35.6平米,"近地铁,随时看,拎包入住",,新风街中直院里边的一居室，小区环境优美，价格低,
顺义城 滨河小区,底层/5层,整租,/zufang/42781118.html,2室1厅,近30天带看  3  次,南北,3000元/月,简装,68平米,"随时看,拎包入住,集中供暖",,滨河小区 低楼层 隔断两居出租 看房提前联系,
马家堡 马家堡西里,中楼层/6层,整租,/zufang/42779257.html,2室1厅,距离地铁马家堡246米,南北,5500元/月,简装,57平米,"近地铁,随时看",2019-04-09,马家堡西里 紧邻地铁4号线 精美全南向两居室,近30天带看  2  次
旧宫 红星北里小区,中楼层/6层,整租,/zufang/42779141.html,2室1厅,距离地铁火箭万源1191米,南北,4600元/月,简装,72平米,"近地铁,随时看",2019-04-16,红星北里 两居室南北通透 配套齐全 拎包入住,近30天带看  1  次
回龙观 龙华园西区,低楼层/7层,整租,/zufang/42778970.html,2室1厅,距离地铁龙泽582米,南北,5600元/月,简装,65平米,"近地铁,随时看,可短租,集中供暖",2019-04-09,回龙观 龙华园西区正规两居室 拎包入住,近30天带看  8  次
老山 老山西里,中楼层/5层,整租,/zufang/42776073.html,2室1厅,距离地铁八角游乐园727米,南北,4300元/月,简装,50.2平米,"近地铁,随时看,可短租,集中供暖",2019-04-07,八角地铁口 老山西里 中间层 两居室,近30天带看  2  次
天通苑 天通苑东二区,低楼层/18层,整租,/zufang/42776031.html,2室1厅,近30天带看  4  次,西,5500元/月,精装,106平米,"随时看,拎包入住,集中供暖",,电梯两居，东二区，家具家电全齐，随时看房,
草桥 玉安园,底层/18层,整租,/zufang/42774304.html,2室1厅,近30天带看  3  次,东南,5500元/月,精装,77平米,"近地铁,随时看,拎包入住,集中供暖",,草桥玉安园一层两居便宜出租,
天通苑 天通苑东三区,高楼层/7层,整租,/zufang/42774197.html,1室1厅,近30天带看  2  次,南北,4500元/月,精装,70平米,随时看,,天通苑东三区精装大一居室+拎包入住+随时看房+干净整洁,
苏州桥 小南庄,中楼层/6层,整租,/zufang/42772817.html,3室1厅,距离地铁苏州街1027米,东南,10000元/月,简装,80平米,近地铁,2019-04-18,苏州桥 小南庄 东南 三居出租 家具家电齐全,近30天带看  3  次
朝阳门 三丰里小区,顶层/6层,整租,/zufang/42772700.html,2室1厅,距离地铁朝阳门710米,南北,7300元/月,简装,40.4平米,"近地铁,拎包入住,集中供暖",2019-04-07,朝阳门 三丰里两居室 拎包入住,近30天带看  3  次
宣武门 东南园小区,顶层/3层,整租,/zufang/42771736.html,1室1厅,距离地铁虎坊桥614米,南,5800元/月,精装,38.58平米,"近地铁,随时看,拎包入住,集中供暖",2019-04-06,东南园 精装修 家具家电齐全 拎包入住,近30天带看  1  次
青塔 博龙家园,中楼层/19层,整租,/zufang/42771380.html,2室1厅,近30天带看  3  次,东南,7000元/月,精装,100平米,"拎包入住,集中供暖",,1号线玉泉路地铁南 青塔小屯路 精装南北双卫全齐两居 拎包住,
德胜门 新风街,低楼层/7层,整租,/zufang/42771098.html,1室1厅,距离地铁积水潭1436米,南,5000元/月,精装,50平米,"近地铁,随时看,集中供暖",2019-04-07,看房联系，价格美丽，德外桥，双秀公园,近30天带看  4  次
八角 八角北里,底层/17层,整租,/zufang/42769261.html,3室1厅,距离地铁八角游乐园1260米,南北,6500元/月,简装,85平米,"近地铁,集中供暖",2019-04-06,八角北里塔楼三居室空房可当宿舍,近30天带看  2  次
牡丹园 北影小区,中楼层/5层,整租,/zufang/42768111.html,2室1厅,距离地铁西土城497米,南北,7500元/月,精装,51.3平米,"近地铁,拎包入住,集中供暖",2019-04-10,牡丹园北影小区干净两居室看房提前联系,近30天带看  5  次
团结湖 秀水园小区,高楼层/12层,整租,/zufang/42767225.html,1室1厅,距离地铁金台路461米,西南,5800元/月,精装,50平米,"近地铁,拎包入住,集中供暖",2019-04-06,6号14号线 朝阳阳公园 妇产 骏豪精装一居,近30天带看  1  次
健翔桥 华严北里小区,高楼层/6层,整租,/zufang/42766913.html,1室1厅,距离地铁奥体中心849米,东南,6000元/月,精装,45平米,"近地铁,拎包入住,集中供暖",2019-04-09,出租健翔桥附近两居，紧邻十号线，看房随时 拎包入住,近30天带看  1  次
燕山 迎风一里,高楼层/6层,整租,/zufang/42766540.html,2室1厅,近30天带看  2  次,南,1300元/月,简装,43.6平米,集中供暖,,燕山迎风小两居·出租,
马家堡 星河苑1号院,高楼层/18层,整租,/zufang/42763990.html,1室1厅,距离地铁公益西桥490米,西,6300元/月,简装,58平米,"近地铁,随时看,拎包入住,集中供暖",2019-04-06,星河苑精装一居婚房装修业主直租有钥匙随时看房拎包入住好房,近30天带看  4  次
方庄 芳城园三区,低楼层/25层,整租,/zufang/42763613.html,2室1厅,距离地铁方庄351米,西南,6600元/月,精装,65.7平米,"近地铁,随时看,拎包入住,集中供暖",2019-04-07,近地铁+干净整洁+业主直租+提前预约看房,近30天带看  5  次
西直门 交大嘉园,中楼层/19层,整租,/zufang/42763414.html,2室1厅,距离地铁西直门1091米,北,7500元/月,精装,61平米,"近地铁,拎包入住,集中供暖",2019-04-06,西直门地铁站 交大东路 交大嘉园一居室 随时看房,近30天带看  5  次
安贞 安华里五区,中楼层/16层,整租,/zufang/42763352.html,1室1厅,距离地铁安德里北街1051米,南,6000元/月,简装,43.28平米,"近地铁,随时看",2019-04-05,安华里精装一居 可长签 外馆斜街 123公交 有钥匙,近30天带看  6  次
西罗园 西罗园一区,低楼层/22层,整租,/zufang/42762559.html,2室1厅,距离地铁木樨园549米,南,6500元/月,精装,85平米,"近地铁,随时看,集中供暖",2019-04-09,百荣 木樨园公交站 西罗园一区两居出租,近30天带看  4  次
百子湾 沿海赛洛城四期,中楼层/24层,整租,/zufang/42762516.html,2室1厅,距离地铁百子湾652米,西,8000元/月,简装,82平米,"近地铁,集中供暖",2019-04-06,百子湾沿海赛洛城 温馨舒适 配套齐全 交通便利,近30天带看  5  次
马家堡 城南嘉园益明园,中楼层/15层,整租,/zufang/42762488.html,1室1厅,距离地铁公益西桥326米,南,6000元/月,精装,40.67平米,"近地铁,随时看,拎包入住",2019-04-06,马家堡公益西桥 城南嘉园 精装开间 随时看房,近30天带看  1  次
永定门 景泰西里西区,底层/9层,整租,/zufang/42762007.html,1室1厅,距离地铁景泰295米,南北,6000元/月,精装,70平米,"近地铁,随时看",2019-04-06,正规一室一厅，诚心出租，紧邻地铁带电梯,近30天带看  5  次
亚运村 金泉家园,高楼层/30层,整租,/zufang/42761792.html,3室1厅,距离地铁大屯路东426米,西南,16500元/月,豪装,161平米,"近地铁,拎包入住,集中供暖",2019-04-05,大屯里金泉家园，干净整洁，临近地铁，可随时拎包入住,近30天带看  2  次
甘露园 甘露园南里二区,中楼层/6层,整租,/zufang/42761780.html,2室1厅,距离地铁四惠东716米,东西,6000元/月,精装,64平米,"近地铁,随时看,拎包入住,集中供暖",2019-04-05,甘露园东西通透两居室 方便看业主直租好房子随时看,近30天带看  4  次
回龙观 龙锦苑一区,中楼层/6层,整租,/zufang/42761369.html,2室1厅,距离地铁平西府616米,南北,6500元/月,简装,90平米,"近地铁,随时看",2019-04-05,龙锦苑一区 精装大两居 设施齐全 随时看房,近30天带看  6  次
顺义城 滨河小区,中楼层/6层,整租,/zufang/42761309.html,1室1厅,近30天带看  2  次,南北,2800元/月,简装,60平米,"随时看,集中供暖",,滨河大一居 随时看房 家电全有 可直接入住,
阜成门 文华园,中楼层/14层,整租,/zufang/42760859.html,2室1厅,距离地铁车公庄75米,南北,9000元/月,精装,58.8平米,"近地铁,随时看",2019-04-05,文华园 南北向的二室一厅一卫 精装修可拎包入户,近30天带看  8  次
望京 花家地西里二区,中楼层/6层,整租,/zufang/42757836.html,4室1厅,距离地铁阜通966米,南北,11000元/月,精装,98平米,"近地铁,随时看,拎包入住,集中供暖",2019-04-09,望京·花家地西里二区,近30天带看  5  次
北大地 西四环南路,高楼层/6层,整租,/zufang/42756431.html,2室1厅,距离地铁丰台东大街1003米,南北,4500元/月,简装,54平米,"近地铁,随时看,拎包入住",2019-04-04,粮食局宿舍2居室 出租,近30天带看  3  次
西直门 智慧大厦,高楼层/26层,整租,/zufang/42755211.html,3室1厅,距离地铁大钟寺1197米,西南,13800元/月,精装,128平米,"近地铁,随时看,拎包入住,集中供暖",2019-04-04,业主直租精装大三居室看房子随时,近30天带看  8  次
四惠 晨曦花园,中楼层/28层,整租,/zufang/42754930.html,1室1厅,距离地铁十里堡877米,东,7000元/月,简装,93平米,"近地铁,随时看,拎包入住,集中供暖",2019-04-04,晨曦园一居出租，小区环境好，交通便利，,近30天带看  4  次
西红门 鸿坤理想城大满贯,中楼层/17层,整租,/zufang/42754757.html,1室0厅,距离地铁西红门1183米,南北,4000元/月,精装,67平米,"近地铁,集中供暖",2019-04-07,鸿坤理想城大满贯 1室1厅 集中供暖 电梯房 有钥匙,近30天带看  2  次
德胜门 五路通北街,顶层/5层,整租,/zufang/42754004.html,2室1厅,距离地铁安德里北街1152米,南北,6600元/月,简装,51.6平米,"近地铁,随时看,拎包入住,集中供暖",2019-04-05,两居室出租 业主长租 看房方便 有钥匙,近30天带看  5  次
芍药居 芍药居北里三区,中楼层/16层,整租,/zufang/42720934.html,2室1厅,距离地铁芍药居760米,南北,7200元/月,精装,88平米,"近地铁,可短租,集中供暖",2019-03-30,芍药居北里 精装两居出租 朝向采光好 交通便利,近30天带看  27  次
马家堡 角门13号院,低楼层/6层,整租,/zufang/500027397.html,2室1厅,距离地铁角门西579米,南西北,5500元/月,精装,65平米,"近地铁,随时看,拎包入住,集中供暖",2019-04-23,角门西地铁附近精装两居室随时能看,近30天带看  0  次
四惠 东恒时代二期A区,中楼层/23层,整租,/zufang/500027188.html,2室1厅,距离地铁四惠464米,东南,8200元/月,精装,90平米,"近地铁,拎包入住,集中供暖",2019-04-23,高端社区 东恒时代二期精装大一居 中间楼层 正对花园,近30天带看  1  次
中关村 大泥湾,中楼层/6层,整租,/zufang/500001875.html,2室1厅,距离地铁知春里471米,南北,9200元/月,精装,55平米,"近地铁,随时看,拎包入住,集中供暖",2019-04-17,中关村 大泥湾中间楼层两居室 精装可长租 看房方便,近30天带看  34  次
惠新西街 小关北里24号院,高楼层/16层,整租,/zufang/42779253.html,1室1厅,距离地铁惠新西街南口510米,东南,5500元/月,精装,52.92平米,"近地铁,随时看,集中供暖",2019-04-07,惠新西街南口 特特特好的一居 急租 小关北里24号院,近30天带看  12  次
苏州桥 大河庄苑,底层/11层,整租,/zufang/42773037.html,3室2厅,距离地铁苏州街630米,南北,18000元/月,精装,142平米,"近地铁,随时看",2019-04-10,大河庄苑 三居室 可长租 随时看,近30天带看  9  次
东坝 首开常青藤四期,高楼层/9层,整租,/zufang/42787750.html,3室1厅,近30天带看  4  次,南北,8500元/月,豪装,95平米,随时看,,东坝租房 东坝 首开常青藤  看房随时,
常营 首开畅心园,中楼层/28层,整租,/zufang/42785895.html,2室1厅,距离地铁草房608米,南,5500元/月,精装,70平米,"近地铁,拎包入住",2019-04-09,朝阳常营首开畅心园空房两居随时入住,近30天带看  2  次
月坛 三里河三区,低楼层/6层,整租,/zufang/42627016.html,2室1厅,距离地铁木樨地479米,东南,7600元/月,精装,65平米,"近地铁,拎包入住",2019-03-23,三里河精装俩居  看房联系,近30天带看  12  次
芍药居 芍药居北里二区,中楼层/24层,整租,/zufang/42749002.html,1室1厅,距离地铁望京西1102米,南,5800元/月,精装,64平米,"近地铁,拎包入住,集中供暖",2019-04-03,芍药居精装一居室  家具家电齐全  拎包入住,近30天带看  150  次
芍药居 芍药居北里二区,中楼层/28层,整租,/zufang/42737583.html,1室1厅,距离地铁望京西1102米,北,6500元/月,精装,72平米,"近地铁,随时看,拎包入住,集中供暖",2019-04-05,芍药居精装一居室 家具家电齐全 拎包入住,近30天带看  20  次
芍药居 芍药居北里二区,高楼层/24层,整租,/zufang/42717648.html,1室1厅,距离地铁望京西1102米,南,5800元/月,精装,65平米,"近地铁,随时看,拎包入住,集中供暖",2019-03-29,芍药居精装一居 业主诚租 格局方正采光好 交通便利,近30天带看  79  次
万泉河 稻香园南区,低楼层/16层,整租,/zufang/42706087.html,3室1厅,距离地铁苏州街684米,南北,12000元/月,豪装,85平米,"近地铁,随时看,拎包入住,集中供暖",2019-03-27,稻香园南区 塔楼三居室 可长租 有钥匙,近30天带看  18  次
月坛 铁二区,中楼层/18层,整租,/zufang/42700292.html,1室1厅,距离地铁南礼士路610米,南,6200元/月,简装,43平米,"近地铁,随时看,拎包入住,集中供暖",2019-03-26,金融街 南礼士路旁一居室 拎包入住 价格便宜 儿童医院,近30天带看  22  次
惠新西街 樱花园,中楼层/6层,整租,/zufang/42675653.html,2室1厅,距离地铁惠新西街南口398米,南北,6700元/月,精装,65平米,"近地铁,随时看,拎包入住,集中供暖",2019-03-23,中日友好医院，惠新西街南口，精装两居室，温馨舒适，可长租,近30天带看  23  次
芍药居 芍药居北里二区,中楼层/24层,整租,/zufang/42544542.html,2室1厅,距离地铁望京西1102米,南,7800元/月,精装,85平米,"近地铁,拎包入住,集中供暖",2019-03-05,北京服装学院 中日医院 芍药居北里 整租两居室,近30天带看  20  次
苏州桥 三义庙,顶层/6层,整租,/zufang/500012962.html,1室1厅,距离地铁人民大学825米,南,6300元/月,简装,45平米,"近地铁,随时看",2019-04-17,苏州桥 三义庙 看房联系 采光好，看房联系,近30天带看  5  次
东单 外交部街33号院,顶层/6层,整租,/zufang/500007067.html,2室1厅,距离地铁灯市口542米,东西,15500元/月,精装,87平米,"近地铁,随时看,拎包入住,集中供暖",2019-04-14,东单金宝街 外交部街33号院 协和 首租精装大两居 带车位,近30天带看  5  次
月坛 阜成门南大街,高楼层/10层,整租,/zufang/42788622.html,2室1厅,距离地铁阜成门352米,东南,7600元/月,简装,69平米,"近地铁,随时看,拎包入住,集中供暖",2019-04-09,阜成门南大街 精装两居 临地铁二号线 金融街 看房随时急租,近30天带看  3  次
西坝河 光熙门北里,低楼层/22层,整租,/zufang/42775980.html,2室1厅,距离地铁光熙门417米,西南,6500元/月,精装,65平米,"近地铁,随时看,拎包入住,集中供暖",2019-04-07,光熙门北里精装两居随时看房有钥匙,近30天带看  2  次
枣园 中建国际港,中楼层/34层,整租,/zufang/42774772.html,2室1厅,近30天带看  8  次,南,5300元/月,简装,89平米,"近地铁,随时看",,中建国际港精装两居室，纯南向，家电齐全有钥匙随时看,
立水桥 溪城家园2号院,低楼层/15层,整租,/zufang/42773826.html,2室1厅,距离地铁立水桥南1044米,西,5600元/月,精装,79.79平米,"近地铁,随时看,拎包入住",2019-04-13,溪城家园 西向两居室,近30天带看  6  次
常营 住欣家园,中楼层/21层,整租,/zufang/42773177.html,1室1厅,距离地铁草房524米,南,4600元/月,简装,50平米,"近地铁,随时看,拎包入住",2019-04-09,住欣家园 南向一居室 家具家电 有钥匙,近30天带看  2  次
中央别墅区 蓝湾天恒花园,高楼层/11层,整租,/zufang/42770500.html,2室1厅,距离地铁国展765米,南北,6500元/月,精装,107平米,"近地铁,拎包入住",2019-04-12,天恒花园精装两居南北通透,近30天带看  1  次
苏州桥 纽约客,高楼层/16层,整租,/zufang/42763110.html,1室1厅,近30天带看  4  次,西,9000元/月,精装,54平米,"近地铁,随时看,集中供暖",,纽约客 苏州街 LOFT一居 精装修 近地铁,
西三旗 硅谷先锋,低楼层/22层,整租,/zufang/42760633.html,2室1厅,距离地铁霍营1493米,南北,4800元/月,精装,70平米,"近地铁,随时看,拎包入住,集中供暖",2019-04-15,硅谷先锋 两居 南北通透 家电齐全,近30天带看  2  次
西直门 长河湾,中楼层/16层,整租,/zufang/42753815.html,1室1厅,距离地铁西直门768米,南,8800元/月,精装,70平米,"近地铁,随时看,拎包入住",2019-04-04,西直门 长河湾 舒至嘉园 广通苑 精装电梯一居,近30天带看  13  次
古城 古城南里,中楼层/16层,整租,/zufang/42751472.html,2室1厅,距离地铁古城65米,南北,4900元/月,精装,68平米,"近地铁,拎包入住,集中供暖",2019-04-04,古城南里 精装两居 家具家电全齐 看房提前联系,近30天带看  10  次
七里庄 望园东里,低楼层/24层,整租,/zufang/42748646.html,1室1厅,距离地铁七里庄252米,南北,5200元/月,简装,67平米,"近地铁,拎包入住,集中供暖",2019-04-03,七里庄 望园东里 精装正规一居 紧邻地铁,近30天带看  9  次
科技园区 怡海花园富润园,低楼层/30层,整租,/zufang/42745157.html,2室1厅,距离地铁科怡路353米,东南,5500元/月,精装,103.39平米,"近地铁,可短租",2019-04-03,短租 两居103.39平 怡海花园富润园精装两居,近30天带看  9  次
苏州桥 海淀南路,底层/6层,整租,/zufang/42745022.html,2室1厅,距离地铁海淀黄庄245米,南,9000元/月,精装,75平米,"近地铁,随时看,拎包入住,集中供暖",2019-04-03,海淀黄庄  海淀南路 精装两居,近30天带看  9  次
田村 西木小区,中楼层/6层,整租,/zufang/42730637.html,3室1厅,距离地铁海淀五路居361米,南,7800元/月,精装,70平米,"近地铁,随时看,拎包入住,集中供暖",2019-04-01,海淀五路居 地铁六号线 西木小区 三居室,近30天带看  13  次
月坛 三里河三区,顶层/6层,整租,/zufang/42730285.html,1室1厅,距离地铁木樨地479米,南,6500元/月,精装,41.4平米,"近地铁,拎包入住,集中供暖",2019-04-03,木樨地发改委财政部正规一居拎包入住,近30天带看  13  次
广渠门 广渠门内大街,底层/12层,整租,/zufang/42726521.html,1室1厅,距离地铁广渠门外547米,南北,5400元/月,简装,48平米,"近地铁,拎包入住,集中供暖",2019-04-06,广渠门 富贵园 5、7、2号线地铁 出行方便,近30天带看  16  次
玉泉营 三环新城8号院,高楼层/24层,整租,/zufang/42723758.html,2室1厅,距离地铁丰台站239米,南北,6800元/月,简装,100平米,"近地铁,随时看",2019-03-31,玉泉营三环新城8号院临地铁精装南北两居业主诚租,近30天带看  13  次
望京 炫彩嘉轩,高楼层/23层,整租,/zufang/42716077.html,1室1厅,距离地铁望京东760米,东西,7500元/月,精装,61.15平米,"近地铁,随时看",2019-04-04,炫彩嘉轩一居室出租看房随时,近30天带看  13  次
中关村 大泥湾,低楼层/6层,整租,/zufang/42714326.html,2室1厅,距离地铁知春里471米,南,8500元/月,精装,55平米,"近地铁,可短租,拎包入住,集中供暖",2019-03-31,中关村 大泥湾小区精装两居室 看房提前联系 拎包入住可陪读,近30天带看  16  次
北京南站 开阳里六区,高楼层/19层,整租,/zufang/42713039.html,2室1厅,距离地铁北京南站744米,东北,6200元/月,简装,87.26平米,"近地铁,集中供暖",2019-03-28,便宜好房！右安门开阳里六区 带电梯大两居 业主直租长签有车位,近30天带看  10  次
天通苑 天通苑西三区,底层/32层,整租,/zufang/42709372.html,3室2厅,近30天带看  10  次,南北,9000元/月,精装,170平米,"随时看,拎包入住,集中供暖",,地铁旁大三居 头次出租  一家人优先,
蒲黄榆 刘家窑东里,中楼层/6层,整租,/zufang/42703080.html,2室1厅,距离地铁蒲黄榆447米,南北,5600元/月,简装,58平米,"近地铁,随时看,拎包入住,集中供暖",2019-03-27,蒲黄榆刘家窑地铁 业主直租两居 家具家电齐全 随时看房,近30天带看  9  次
朝阳门内 豆瓣胡同,中楼层/11层,整租,/zufang/42699116.html,3室1厅,近30天带看  10  次,南北,13000元/月,简装,86平米,"近地铁,拎包入住,集中供暖",,豆瓣胡同三居室电梯直达 集中供暖 基本随时看房 南北向,
苏州桥 沁园公寓,低楼层/28层,整租,/zufang/42694753.html,4室3厅,距离地铁苏州街314米,西南,31000元/月,豪装,190平米,"近地铁,拎包入住",2019-03-26,海淀南路苏州街沁园公寓西屋国际远中悦来 拎包入住,近30天带看  12  次
亚运村 安慧里二区,低楼层/25层,整租,/zufang/42691147.html,2室2厅,距离地铁惠新西街北口903米,西南,8200元/月,精装,72平米,"近地铁,随时看,拎包入住,集中供暖",2019-03-27,亚运村婚房  安慧里精装两居室拎包入住,近30天带看  9  次
苹果园 西山奥园,中楼层/15层,整租,/zufang/42686790.html,1室1厅,距离地铁苹果园1145米,南,4400元/月,精装,60平米,"近地铁,拎包入住,集中供暖",2019-03-24,西山奥园，精装修一居室,近30天带看  10  次
西坝河 光熙门北里,中楼层/18层,整租,/zufang/42675027.html,1室1厅,距离地铁光熙门417米,南,6000元/月,精装,60平米,"近地铁,拎包入住,集中供暖",2019-03-23,13号线光熙门 西坝河 精装大客厅一居室 业主直租,近30天带看  12  次
丰益桥 丰益花园西区,中楼层/25层,整租,/zufang/42664075.html,2室1厅,距离地铁泥洼386米,东南,6000元/月,精装,78平米,"近地铁,随时看",2019-03-24,丰益花园 双地铁10号14号线 恒泰广场,近30天带看  18  次
望京 北纬40度一期,中楼层/12层,整租,/zufang/42663007.html,2室1厅,距离地铁来广营291米,东南,9000元/月,精装,80平米,"近地铁,拎包入住,集中供暖",2019-03-21,望京邻诚盈，朝来东南向两居室 房间干净整洁,近30天带看  13  次
双榆树 满庭芳园,高楼层/24层,整租,/zufang/42661688.html,3室1厅,距离地铁人民大学835米,西北,13000元/月,简装,128平米,"近地铁,集中供暖",2019-03-21,满庭芳园精装大三居 看房随时 家具齐全 业主出租长租,近30天带看  20  次
龙泽 新龙城,高楼层/20层,整租,/zufang/42650912.html,1室1厅,距离地铁龙泽438米,北,5000元/月,精装,60平米,"近地铁,随时看",2019-03-20,新龙城一居室 业主精心装修 13号回龙观站,近30天带看  10  次
四惠 东八里庄东里,顶层/6层,整租,/zufang/42650295.html,1室0厅,距离地铁十里堡648米,东,4200元/月,简装,40平米,"近地铁,拎包入住,集中供暖",2019-03-20,八里庄东里-十里堡-看房提前联系,近30天带看  16  次
西直门 长河湾,中楼层/6层,整租,/zufang/42647693.html,4室2厅,距离地铁西直门768米,南北,28000元/月,精装,159平米,"近地铁,随时看,拎包入住,集中供暖",2019-03-19,长河湾大四居室 小区环境好 近西直门地铁 南北通透,近30天带看  10  次
天通苑 天通苑北二区,中楼层/13层,整租,/zufang/42646792.html,2室1厅,距离地铁天通苑1047米,南北,6000元/月,简装,115平米,"近地铁,可短租,拎包入住,集中供暖",2019-03-21,天通苑北二区大两居室诚心出租,近30天带看  11  次
果园 苏荷时代,中楼层/24层,整租,/zufang/42643532.html,1室1厅,距离地铁果园225米,西,3400元/月,精装,45平米,"近地铁,随时看",2019-03-18,（优选房源）（近地铁）果园地铁 苏荷时代 精装开间 价格美丽,近30天带看  11  次
双榆树 双榆树北路,中楼层/5层,整租,/zufang/42635330.html,2室1厅,近30天带看  10  次,南北,8000元/月,精装,71平米,"近地铁,拎包入住,集中供暖",,双榆树北路精装两居室，紧邻知春里 人大地铁，中航头条,
圆明园 芙蓉里小区,中楼层/6层,整租,/zufang/42624536.html,3室1厅,距离地铁北京大学东门1271米,南,11500元/月,简装,78.5平米,"近地铁,拎包入住,集中供暖",2019-03-16,北大西门，芙蓉里小区三居，中间楼层，紧邻稻香园，大河庄苑,近30天带看  10  次
魏公村 万寿寺北里,中楼层/6层,整租,/zufang/42608059.html,2室1厅,距离地铁魏公村1166米,南北,7500元/月,简装,54平米,"近地铁,拎包入住,集中供暖",2019-03-13,万寿寺北里 精装两居室 紧邻民大北京外国语,近30天带看  10  次
知春路 罗庄东里,顶层/6层,整租,/zufang/42591453.html,2室1厅,距离地铁知春路439米,东南,7200元/月,简装,55平米,"近地铁,集中供暖",2019-03-12,北航南门，地铁10号线13号线知春路地铁站，两居室,近30天带看  14  次
蒲黄榆 蒲黄榆路,高楼层/15层,整租,/zufang/42568028.html,2室1厅,距离地铁蒲黄榆228米,南,5600元/月,精装,58平米,"近地铁,随时看,拎包入住,集中供暖",2019-03-08,蒲黄榆刘家窑地铁 家具家电齐全 随时拎包入住签约,近30天带看  13  次
望京 望京西园三区,中楼层/28层,整租,/zufang/42502631.html,1室1厅,距离地铁望京521米,南,8000元/月,精装,83平米,"近地铁,拎包入住",2019-03-01,紧邻绿地 望京SOHO 望京西园三区大一居,近30天带看  13  次
望京 星源国际,低楼层/30层,整租,/zufang/42471918.html,1室1厅,距离地铁望京414米,南,8000元/月,精装,66平米,"近地铁,随时看",2019-02-24,星源国际一室一厅一卫,近30天带看  10  次
德胜门 新风南里,中楼层/6层,整租,/zufang/42593080.html,2室1厅,近30天带看  19  次,南北,7200元/月,精装,61.4平米,"随时看,拎包入住,集中供暖",,德胜门！新风南里！高端社区！精装两居！家电齐全！看房方便,
杨庄 首钢杨庄小区,底层/6层,整租,/zufang/500015325.html,3室1厅,距离地铁杨庄1306米,南东北,5500元/月,精装,63平米,"近地铁,随时看,拎包入住",2019-04-19,新上杨庄小区正规经典小3居室 精装修；拎包住,近30天带看  1  次
回龙观 龙博苑三区,高楼层/6层,整租,/zufang/500014159.html,2室1厅,距离地铁育新747米,南北,6000元/月,精装,80平米,"近地铁,随时看,拎包入住",2019-04-19,龙博苑三区正规两居室出租，随时看房有钥匙,近30天带看  3  次
团结湖 锦湖园公寓,中楼层/26层,整租,/zufang/500013949.html,3室2厅,距离地铁呼家楼613米,东南,17800元/月,精装,180平米,"近地铁,随时看",2019-04-19,锦湖园公寓超大三居/呼家楼/团结湖,近30天带看  2  次
紫竹桥 车道沟南里,中楼层/6层,整租,/zufang/500013938.html,1室0厅,距离地铁车道沟844米,东南,6300元/月,精装,40平米,"近地铁,拎包入住,集中供暖",2019-04-18,车道沟站 紫竹桥北洼路精装一居室 中国兵器财智会馆,近30天带看  5  次
永定门 西革新里110号院,中楼层/6层,整租,/zufang/500013484.html,2室1厅,距离地铁永定门外805米,东西,5400元/月,简装,60平米,"近地铁,随时看,集中供暖",2019-04-18,西革新里两居室出租 随时入住,近30天带看  7  次
学院路 学院路14号院,低楼层/6层,整租,/zufang/500009875.html,3室1厅,距离地铁六道口279米,南北,10000元/月,简装,65平米,"近地铁,随时看,拎包入住,集中供暖",2019-04-18,六道口五道口 金码大厦优质三居拎包住,近30天带看  2  次
牡丹园 塔院迎春园,中楼层/18层,整租,/zufang/500016601.html,2室1厅,距离地铁西土城476米,南北,8000元/月,简装,66平米,"近地铁,随时看,拎包入住,集中供暖",2019-04-23,带电梯 双南向 紧邻地铁,近30天带看  0  次
灯市口 北河沿大街,高楼层/6层,整租,/zufang/42795805.html,1室1厅,近30天带看  1  次,南,7000元/月,精装,40平米,"近地铁,随时看,拎包入住,集中供暖",,沙滩后街北河沿大街东华门  美术馆 骑河楼妇产医院一居,
宋家庄 映天朗,高楼层/6层,整租,/zufang/42794390.html,3室2厅,距离地铁宋家庄713米,南北,11500元/月,精装,140平米,"近地铁,集中供暖",2019-04-10,宋家庄 映天朗精装三居室 看房拎包入住！,近30天带看  2  次
赵公口 石榴园北里,中楼层/9层,整租,/zufang/42794039.html,1室1厅,距离地铁石榴庄396米,南,4000元/月,精装,50平米,"近地铁,随时看",2019-04-11,石榴园北里精装一居室 随时入住 邻近10号线石榴庄地铁站,近30天带看  2  次
天通苑 天通西苑二区,底层/33层,整租,/zufang/42793793.html,2室1厅,近30天带看  2  次,南北,6800元/月,精装,94平米,"随时看,拎包入住,集中供暖",,西二区正规两居室 交通便利 周边生活设施完善 拎包入住,
天通苑 天通苑东一区,底层/16层,整租,/zufang/42792743.html,2室1厅,距离地铁天通苑南1409米,南北,6000元/月,精装,98平米,"近地铁,随时看",2019-04-17,精装电梯两居室 业主长期出租  适合一家人居住 环境棒采光好,近30天带看  5  次
北苑 来春园,低楼层/16层,整租,/zufang/42792587.html,3室2厅,距离地铁北苑682米,东北,12000元/月,简装,155.06平米,"近地铁,随时看",2019-04-13,朝来家园 来春园新三居两卫 业主自住装修 公交便利,近30天带看  2  次
回龙观 龙博苑二区,中楼层/6层,整租,/zufang/42792504.html,3室1厅,距离地铁回龙观581米,南北,7200元/月,精装,87平米,"近地铁,随时看,拎包入住",2019-04-10,看房随时回龙观地铁旁的三居室业主直租,近30天带看  3  次
乔庄 乔庄东区,中楼层/11层,整租,/zufang/42792236.html,1室1厅,距离地铁北运河西756米,南,3500元/月,精装,52平米,"近地铁,拎包入住,集中供暖",2019-04-16,乔庄东区 北运河西步行即到 温馨电梯一居 东西齐随时住,近30天带看  1  次
百子湾 沿海赛洛城三期,底层/7层,整租,/zufang/42791096.html,2室1厅,近30天带看  1  次,南,16000元/月,简装,90平米,"近地铁,集中供暖",,百子湾沿海赛洛城 临街旺铺 利用空间大 交通便利,
窦店 田家园一区,低楼层/6层,整租,/zufang/42789761.html,3室2厅,近30天带看  1  次,南北,2500元/月,简装,114平米,"随时看,拎包入住,集中供暖",,窦店田家园，二层，南北三居室，随时看房,
酒仙桥 高家园三区,高楼层/6层,整租,/zufang/42789585.html,2室1厅,距离地铁望京南521米,南,7800元/月,简装,61平米,"近地铁,随时看",2019-04-10,酒仙桥大山子旁高家园小区精装修两居室 全朝南！拎包入住！,近30天带看  2  次
安定门 青年湖东里,低楼层/18层,整租,/zufang/42789455.html,2室1厅,距离地铁安定门845米,南,8000元/月,精装,75平米,"近地铁,集中供暖",2019-04-18,安定门青年湖公园青年湖东里地坛公园安外三条拎包入住,近30天带看  3  次
朝青 国美第一城3号院,高楼层/31层,整租,/zufang/42789232.html,1室1厅,距离地铁青年路1194米,南,6000元/月,简装,49平米,"近地铁,拎包入住,集中供暖",2019-04-11,国美新上一居 采光好 家电齐全 可稳定长租 邻达美,近30天带看  3  次
西三旗 瑞旗家园,中楼层/28层,整租,/zufang/42788922.html,2室1厅,距离地铁霍营448米,南北,6500元/月,精装,89平米,"近地铁,随时看,拎包入住,集中供暖",2019-04-10,霍营瑞旗家园精装两居出租，全齐 拎包住,近30天带看  2  次
安贞 安华里二区,底层/6层,整租,/zufang/42788703.html,2室1厅,距离地铁安华桥745米,南北,6800元/月,简装,65平米,"近地铁,随时看,拎包入住",2019-04-14,这有房子 你有需要 联系看房方便,近30天带看  2  次
古城 古城现代嘉园,低楼层/21层,整租,/zufang/42788540.html,1室1厅,距离地铁古城1276米,南,4200元/月,精装,50平米,"近地铁,拎包入住,集中供暖",2019-04-10,古城现代嘉园 开间一居 全齐 有电梯,近30天带看  3  次
甜水园 延静里,低楼层/5层,整租,/zufang/42787992.html,2室1厅,近30天带看  2  次,南北,7500元/月,精装,65平米,"随时看,拎包入住,集中供暖",,金台路地铁口6号14号线 出行便利 拎包入住,
皂君庙 双榆树南里,中楼层/24层,整租,/zufang/42787103.html,3室1厅,近30天带看  5  次,东北,10000元/月,精装,72平米,"近地铁,拎包入住,集中供暖",,双榆树南里精装三居 双安商场 对面中航头条人大地铁站,
北苑 华发颐园,低楼层/19层,整租,/zufang/42787051.html,1室0厅,距离地铁立水桥南223米,东,6200元/月,精装,59.64平米,"近地铁,随时看",2019-04-11,立水桥南 精装修开间 近D铁 看房方便,近30天带看  1  次
三元桥 新源街,中楼层/6层,整租,/zufang/42786752.html,1室1厅,距离地铁亮马桥867米,南,6000元/月,精装,37平米,"近地铁,拎包入住,集中供暖",2019-04-09,三元桥左家庄东直门新源里京城大厦启皓大厦附近精装一居,近30天带看  1  次
天通苑 天通苑北二区,低楼层/16层,整租,/zufang/42786617.html,2室1厅,距离地铁天通苑1047米,南北,7000元/月,简装,126平米,"近地铁,拎包入住,集中供暖",2019-04-10,天通苑北二区 紧邻地铁 带电梯 厅南南北通透两居室,近30天带看  4  次
丽泽 保利百合花园,中楼层/20层,整租,/zufang/42786267.html,1室1厅,距离地铁六里桥431米,南,8000元/月,精装,88平米,"近地铁,随时看",2019-04-11,六里桥 西局 七里庄 精装修全南向两居室，拎包入住,近30天带看  4  次
安贞 安华里五区,中楼层/6层,整租,/zufang/42786172.html,2室1厅,距离地铁安德里北街1051米,南北,7300元/月,精装,53.49平米,"近地铁,拎包入住,集中供暖",2019-04-10,柳荫公园 外馆斜街 安外大街 安华里五区干净整洁两居,近30天带看  5  次
古城 古城现代嘉园,低楼层/21层,整租,/zufang/42786092.html,1室1厅,距离地铁古城1276米,南,4200元/月,精装,50平米,"近地铁,拎包入住,集中供暖",2019-04-10,古城现代嘉园 地铁 开间一居 全齐 首特钢创业大厦,近30天带看  2  次
朝阳门 雅宝里,顶层/18层,整租,/zufang/42786089.html,2室1厅,距离地铁朝阳门920米,南,10000元/月,精装,80平米,"近地铁,随时看,拎包入住,集中供暖",2019-04-10,朝阳门 悠唐儿研所 精装两室一厅 看房方便,近30天带看  1  次
高碑店 兴隆家园,低楼层/24层,整租,/zufang/42786080.html,1室1厅,距离地铁高碑店621米,东南,6000元/月,简装,60平米,"近地铁,拎包入住,集中供暖",2019-04-10,兴隆家园紧邻地铁站公交站大悦城随时看房,近30天带看  2  次
陶然亭 畅柳园,高楼层/14层,整租,/zufang/42785329.html,2室1厅,距离地铁陶然亭857米,东,7500元/月,简装,72.46平米,"近地铁,拎包入住,集中供暖",2019-04-09,陶然亭旁黑窑厂西里畅柳园四平园 看房提前联系,近30天带看  2  次
木樨园 南木樨园,中楼层/18层,整租,/zufang/42785240.html,2室1厅,距离地铁海户屯431米,东北,5000元/月,精装,62平米,"近地铁,拎包入住,集中供暖",2019-04-10,业主直租 精装修两居室 带电梯 看房方便,近30天带看  1  次
月坛 月坛北街,底层/5层,整租,/zufang/42785230.html,2室1厅,距离地铁阜成门581米,南,10000元/月,精装,65平米,"近地铁,拎包入住,集中供暖",2019-04-09,月坛北街 紧邻金融街 南北通透大两居出租 价钱可谈,近30天带看  3  次
宋家庄 世纪星家园,中楼层/21层,整租,/zufang/42785167.html,2室1厅,距离地铁方庄946米,西南,7500元/月,简装,98平米,"近地铁,随时看,拎包入住,集中供暖",2019-04-09,世纪星家园 西南向两居室 家电全齐 出行便利,近30天带看  2  次
六里桥 六里桥北里小区,高楼层/6层,整租,/zufang/42785072.html,2室1厅,距离地铁六里桥754米,南北,6500元/月,精装,60平米,"近地铁,随时看",2019-04-10,南北通透，精装修，小两居室，家具家电齐全,近30天带看  2  次
望京 望京西园一区,顶层/6层,整租,/zufang/42784639.html,2室1厅,距离地铁望京704米,南北,8500元/月,精装,100平米,"近地铁,随时看",2019-04-09,望京西园一区两居室出租,近30天带看  1  次
刘家窑 扑满山,低楼层/21层,整租,/zufang/42784080.html,2室1厅,近30天带看  3  次,东,8000元/月,精装,80平米,"近地铁,随时看,拎包入住,集中供暖",,临近地铁，可办公居住 周边配套齐全,
苹果园 海特花园,底层/7层,整租,/zufang/42783489.html,2室1厅,距离地铁杨庄550米,南北,5200元/月,简装,70平米,"近地铁,随时看",2019-04-12,海特花园南北两居室家具齐全六号线,近30天带看  4  次
紫竹桥 中海雅园,高楼层/22层,整租,/zufang/42783204.html,3室2厅,距离地铁慈寿寺745米,南东北,16000元/月,精装,160平米,"近地铁,拎包入住,集中供暖",2019-04-10,中海雅园三室二厅二卫,近30天带看  6  次
德胜门 德隆家园9号院,中楼层/21层,整租,/zufang/42782448.html,2室1厅,距离地铁积水潭927米,南,8800元/月,精装,69.57平米,"近地铁,随时看,拎包入住,集中供暖",2019-04-09,德胜门 德隆家园9号院正规双南向两居 精装拎包入住 长租,近30天带看  6  次
临河里 华业东方玫瑰A区,中楼层/28层,整租,/zufang/42782441.html,2室1厅,距离地铁临河里827米,南北,5700元/月,精装,96平米,"近地铁,随时看,拎包入住,集中供暖",2019-04-09,土桥，临河里，华业东方玫瑰，,近30天带看  2  次
紫竹桥 车道沟南里,高楼层/21层,整租,/zufang/42781978.html,1室1厅,距离地铁车道沟844米,东南,5500元/月,简装,40平米,"近地铁,随时看,集中供暖",2019-04-10,车道沟南里东南向一居室高楼层采光好,近30天带看  2  次
月坛 地藏庵,高楼层/6层,整租,/zufang/42781905.html,3室1厅,距离地铁南礼士路476米,东南,13000元/月,精装,81.5平米,"近地铁,拎包入住,集中供暖",2019-04-17,地藏庵铁二区铁三区南礼士路金融街三里河,近30天带看  2  次
十里堡 十里堡北里,顶层/6层,整租,/zufang/42781849.html,2室1厅,近30天带看  2  次,南北,6400元/月,精装,64平米,"近地铁,随时看,可短租,集中供暖",,十里堡北里 南北通透 精装干净两居室 家电齐全,
乔庄 运河居,高楼层/6层,整租,/zufang/42781688.html,1室1厅,距离地铁北运河西1010米,南北,3600元/月,精装,63平米,"近地铁,拎包入住,集中供暖",2019-04-08,运河居 北运河西步行即到 温馨正规一居 东西齐随时入住,近30天带看  2  次
方庄 芳城园三区,高楼层/25层,整租,/zufang/42780767.html,2室1厅,距离地铁方庄351米,西南,6500元/月,精装,66平米,"近地铁,随时看,拎包入住",2019-04-08,近地铁+干净整洁+业主直租+提前预约看房,近30天带看  1  次
华威桥 双龙南里,中楼层/6层,整租,/zufang/42780630.html,1室1厅,距离地铁北工大西门627米,南,4000元/月,简装,46平米,"近地铁,拎包入住,集中供暖",2019-04-09,地铁14号线北工大西门 双龙南里 南新园 松榆东里简装一居,近30天带看  3  次
龙泽 融泽嘉园西2号院,高楼层/30层,整租,/zufang/42779809.html,1室1厅,距离地铁龙泽909米,南,5800元/月,精装,66平米,"近地铁,随时看",2019-04-10,西二旗 融泽嘉园 联想 百度软件园 西二旗城铁,近30天带看  1  次
牛街 法源寺西里,高楼层/8层,整租,/zufang/42779634.html,2室1厅,距离地铁菜市口688米,南北,8500元/月,精装,70平米,"近地铁,随时看,拎包入住,集中供暖",2019-04-11,4号线菜市口站 法源寺南北通透两居室 精装修拎包入住,近30天带看  1  次
学院路 逸成东苑,高楼层/22层,整租,/zufang/42778994.html,2室1厅,距离地铁六道口1437米,东,8000元/月,简装,76平米,"近地铁,拎包入住,集中供暖",2019-04-09,逸成东苑新上正规两居 拎包入住 租房速度联系,近30天带看  6  次
枣园 枣园小区,底层/6层,整租,/zufang/42778700.html,1室1厅,近30天带看  2  次,南北,3500元/月,精装,57平米,"近地铁,随时看",,枣园小区精装修一居室全齐拎包住临地铁,
龙泽 金域华府三期,低楼层/28层,整租,/zufang/42777840.html,2室1厅,距离地铁西二旗856米,南,8000元/月,精装,89平米,"近地铁,随时看",2019-04-09,西二旗 龙泽 金域华府精装两居室拎包入住 融泽嘉园,近30天带看  2  次
马家堡 晨光小区,中楼层/6层,整租,/zufang/42777348.html,2室1厅,距离地铁角门西371米,南北,5500元/月,简装,56.47平米,"近地铁,随时看",2019-04-09,临近地铁10+4号线 角门西 晨光小区出租两居室,近30天带看  1  次
苹果园 苹果园四区,高楼层/16层,整租,/zufang/42777167.html,2室1厅,距离地铁苹果园442米,南,6000元/月,精装,102平米,"近地铁,拎包入住,集中供暖",2019-04-18,苹果园四区 地铁沿线精装全齐大两居，业主初次出租，拎包入住,近30天带看  5  次
苏州桥 海淀南路24号院,低楼层/6层,整租,/zufang/42777149.html,3室1厅,距离地铁苏州街153米,南北,21000元/月,简装,134平米,"近地铁,拎包入住,集中供暖",2019-04-07,外交部家属院黄金楼层大三居,近30天带看  6  次
上地 当代城市家园,顶层/12层,整租,/zufang/42777096.html,1室1厅,距离地铁上地1193米,南,7000元/月,简装,89.06平米,"近地铁,拎包入住",2019-04-09,当代城市家园 上林溪 小米科技园 金山软件 宜品上层,近30天带看  5  次
小西天 志强园小区,低楼层/6层,整租,/zufang/42775844.html,1室1厅,距离地铁积水潭820米,南,6200元/月,精装,44.72平米,"近地铁,随时看,拎包入住,集中供暖",2019-04-08,积水潭 二炮医院 枫蓝国际 志强园精装一居,近30天带看  8  次
马家堡 丽水园,低楼层/14层,整租,/zufang/42775843.html,2室1厅,距离地铁角门西401米,南北,7500元/月,精装,98平米,"近地铁,拎包入住,集中供暖",2019-04-07,丽水园 南北通透两居室 小区中间位置 采光好,近30天带看  2  次
马驹桥 莲水怡园,高楼层/6层,整租,/zufang/42775513.html,2室1厅,距离地铁同济南路1438米,南北,4700元/月,精装,101平米,"近地铁,随时看,拎包入住,集中供暖",2019-04-09,马驹桥 米拉小镇 正规两居室,近30天带看  2  次
农展馆 麦子店街,顶层/18层,整租,/zufang/42774894.html,2室1厅,距离地铁枣营589米,南,8000元/月,精装,80平米,"近地铁,集中供暖",2019-04-09,麦子店街三室一厅一卫,近30天带看  1  次
旧宫 灵秀山庄,低楼层/6层,整租,/zufang/42774315.html,2室1厅,距离地铁旧宫933米,南北,4600元/月,精装,60平米,"近地铁,随时看",2019-04-08,灵秀山庄 两居室 配套齐全 随时入住,近30天带看  1  次
CBD 光辉里,中楼层/18层,整租,/zufang/42774279.html,2室1厅,距离地铁大望路122米,东南,7600元/月,精装,62平米,"近地铁,拎包入住,集中供暖",2019-04-07,大望路国贸CBD万达广场金地中心华贸中心精装两居,近30天带看  1  次
马驹桥 新海北里,底层/6层,整租,/zufang/42774012.html,1室1厅,近30天带看  5  次,南北,3200元/月,精装,67平米,"随时看,拎包入住,集中供暖",,新海北里 精装一居 包物业取暖，看房随时,
太平桥 首科花园,低楼层/24层,整租,/zufang/42773630.html,3室1厅,距离地铁六里桥东1010米,西北,9000元/月,精装,120平米,"近地铁,随时看,集中供暖",2019-04-09,太平桥 三环里 首科花园 业主直租,近30天带看  6  次
四惠 京棉新城三厂,高楼层/36层,整租,/zufang/42773329.html,3室1厅,距离地铁十里堡884米,南北,8500元/月,简装,104平米,"近地铁,随时看",2019-04-07,紧邻地铁 公园周边 随时看房 温馨舒适,近30天带看  1  次
霍营 龙锦苑东五区,低楼层/6层,整租,/zufang/42772981.html,4室1厅,近30天带看  1  次,南北,7600元/月,简装,125平米,"近地铁,随时看,拎包入住",,龙锦苑东五区 四居两卫 看房随时 拎包入住,
丽泽 保利百合花园,高楼层/28层,整租,/zufang/42772285.html,2室1厅,距离地铁六里桥431米,南,8500元/月,精装,90平米,"近地铁,随时看",2019-04-11,六里桥，西局，七里庄，精装修大两居，双地铁，交通便利,近30天带看  3  次
紫竹桥 富丽小区,中楼层/18层,整租,/zufang/42772116.html,3室1厅,距离地铁慈寿寺688米,南东北,13000元/月,精装,110平米,"近地铁,随时看,拎包入住,集中供暖",2019-04-09,富丽小区 精装带电梯3居 临6/10号线慈寿寺地铁,近30天带看  2  次
万柳 光大水墨风景,中楼层/16层,整租,/zufang/42771680.html,2室2厅,距离地铁火器营583米,东北,15000元/月,精装,86平米,"近地铁,拎包入住",2019-04-07,光大水墨风景二室二厅一卫精装修 带车位,近30天带看  1  次
北苑 华贸城7号院,中楼层/20层,整租,/zufang/42770735.html,1室1厅,近30天带看  1  次,南,5700元/月,简装,53平米,"近地铁,拎包入住",,华贸城正规开间出租，家电齐全，拎包住,
广安门 丽水莲花二号院,中楼层/24层,整租,/zufang/42770586.html,2室1厅,距离地铁湾子259米,西,8000元/月,精装,67平米,"近地铁,随时看,拎包入住,集中供暖",2019-04-10,丽水莲花 精装两居 家具家电全 近邻湾子地铁,近30天带看  1  次
马甸 马甸月季园,中楼层/9层,整租,/zufang/42770540.html,1室1厅,距离地铁牡丹园595米,东,6500元/月,精装,46.2平米,"近地铁,随时看,拎包入住,集中供暖",2019-04-07,牡丹园商圈 北太平庄马甸月季园小区业主直租小两居 随时住,近30天带看  1  次
东单 苏州胡同,中楼层/5层,整租,/zufang/42770448.html,2室1厅,距离地铁东单380米,东,8200元/月,精装,60平米,"近地铁,随时看,拎包入住,集中供暖",2019-04-07,崇文门，建國门，恒基中心，内蒙古大厦，苏州胡同两居室,近30天带看  2  次
八角 八角北路,中楼层/6层,整租,/zufang/42770341.html,1室1厅,距离地铁八角游乐园1178米,南,4000元/月,简装,40平米,"近地铁,随时看",2019-04-06,八角北路精装一室一厅全齐出租,近30天带看  2  次
六里桥 六里桥北里小区,中楼层/6层,整租,/zufang/42769618.html,2室1厅,距离地铁六里桥754米,南北,5500元/月,简装,57.15平米,"近地铁,拎包入住,集中供暖",2019-04-06,六里桥北里，南北通透，标准格局两居室,近30天带看  3  次
果园 苏荷时代,高楼层/24层,整租,/zufang/42769313.html,1室1厅,距离地铁果园225米,西,3800元/月,精装,45平米,"近地铁,随时看",2019-04-11,（超值一居）（近地铁）果园地铁 苏荷时代 精装一居 随时看,近30天带看  6  次
北京南站 世纪金色嘉园,中楼层/28层,整租,/zufang/42769248.html,2室1厅,距离地铁北京南站744米,东,8200元/月,精装,96平米,"近地铁,随时看,可短租,拎包入住",2019-04-07,南二环 地铁周边 精装修,近30天带看  2  次
成寿寺 四方景园一区,中楼层/24层,整租,/zufang/42769245.html,2室1厅,距离地铁方庄911米,东南,6800元/月,简装,88.45平米,"近地铁,随时看,可短租,拎包入住",2019-04-06,四方景园一区 集中供暖 随时看房 精装两居 政法小区,近30天带看  2  次
安定门 东城区西河沿,高楼层/11层,整租,/zufang/42769144.html,1室1厅,距离地铁安定门305米,南,6000元/月,精装,45平米,"近地铁,拎包入住,集中供暖",2019-04-11,西河沿朝南精装一居，看房电话,近30天带看  2  次
双榆树 双榆树北路,中楼层/6层,整租,/zufang/42767541.html,1室1厅,近30天带看  10  次,南,6000元/月,简装,48.5平米,"近地铁,拎包入住,集中供暖",,中关村知春里地铁旁中航北门一居出租 适合情侣 头条可报销,
西三旗 育新花园,低楼层/22层,整租,/zufang/42767209.html,2室1厅,距离地铁育新418米,东,5800元/月,简装,63平米,"近地铁,随时看,拎包入住,集中供暖",2019-04-08,"紧邻地铁,普通装修，拎包入住",近30天带看  2  次
田村 兰德华庭,高楼层/13层,整租,/zufang/42767015.html,1室1厅,距离地铁田村240米,南,5000元/月,精装,50平米,"近地铁,拎包入住",2019-04-06,兰德华庭 只有这一套 抓紧联系所属人吧,近30天带看  6  次
四惠 晨曦花园,低楼层/24层,整租,/zufang/42766667.html,2室1厅,距离地铁十里堡877米,南,7000元/月,简装,75平米,"近地铁,可短租,拎包入住,集中供暖",2019-04-06,晨曦园两居出租，慈云寺附近，小区环境好，交通便利，,近30天带看  4  次
通州北苑 世纪星城,高楼层/18层,整租,/zufang/42766636.html,2室1厅,距离地铁果园990米,南北,5800元/月,精装,104平米,"近地铁,随时看,拎包入住,集中供暖",2019-04-06,世纪星城二室一厅一卫,近30天带看  7  次
甘家口 甘家口,低楼层/9层,整租,/zufang/42766535.html,1室1厅,距离地铁白堆子367米,西,6500元/月,精装,53平米,"近地铁,可短租,拎包入住,集中供暖",2019-04-06,甘家口小区大一居！！看房联系！！,近30天带看  2  次
广安门 荣丰2008,高楼层/31层,整租,/zufang/42765393.html,1室1厅,近30天带看  8  次,西,4000元/月,精装,36.77平米,"近地铁,随时看,拎包入住,集中供暖",,荣丰2008一期 开间 西向 看房方便 面积大,
临河里 华业东方玫瑰B区,中楼层/24层,整租,/zufang/42764886.html,2室1厅,距离地铁临河里739米,南北,4800元/月,精装,88平米,"近地铁,随时看",2019-04-07,华业高档小区，临河里地铁旁，近地铁，随时看房,近30天带看  1  次
八角 八角北里,高楼层/6层,整租,/zufang/42763936.html,3室1厅,距离地铁八角游乐园1260米,南,5500元/月,精装,68平米,"近地铁,拎包入住,集中供暖",2019-04-05,八角北里 精装小三居 可当两室一厅  业主直租,近30天带看  5  次
亦庄开发区 南海子家园四里,高楼层/18层,整租,/zufang/42763878.html,1室1厅,近30天带看  4  次,南,3000元/月,简装,60平米,"随时看,拎包入住,集中供暖",,南海子家园四里一室一厅一卫60 平米3200元，南海子公园旁,
酒仙桥 大山子南里,底层/6层,整租,/zufang/42763852.html,1室1厅,距离地铁望京南679米,东南,6000元/月,精装,50平米,"近地铁,随时看,集中供暖",2019-04-09,798 大山子南里一层大一居 拎包入住现在空置,近30天带看  4  次
九棵树(家乐福) 阿尔法社区B区,顶层/6层,整租,/zufang/42763597.html,2室1厅,近30天带看  3  次,南北,4500元/月,简装,89平米,拎包入住,,九棵树，阿尔法精装两居，顶层带露台，看房联系669直达国贸,
安贞 安华里三区,低楼层/18层,整租,/zufang/42763285.html,2室1厅,距离地铁和平西桥1030米,西南,6800元/月,精装,60平米,"近地铁,随时看,拎包入住,集中供暖",2019-04-05,安贞，安华里三区，电梯房，精装修，随时看房,近30天带看  4  次
十里堡 爱这城三期,低楼层/21层,整租,/zufang/42762924.html,3室1厅,距离地铁十里堡976米,南北,13000元/月,精装,148平米,"近地铁,随时看,拎包入住,集中供暖",2019-04-06,爱这城三期精装大三居,近30天带看  1  次
大山子 北窑地,底层/6层,整租,/zufang/42762916.html,2室1厅,近30天带看  5  次,南,6500元/月,精装,58平米,"随时看,拎包入住,集中供暖",,798北门 一层二居室,
后沙峪 中粮祥云国际生活区,高楼层/14层,整租,/zufang/42762688.html,3室1厅,近30天带看  2  次,东西,13000元/月,精装,114平米,拎包入住,,中粮祥云国际生活区，东西通透大三居，楼下小镇，出行便捷,
玉泉营 三环新城8号院,中楼层/13层,整租,/zufang/42762606.html,2室1厅,距离地铁丰台站239米,南北,7000元/月,精装,100平米,"近地铁,随时看,拎包入住",2019-04-05,玉泉营 地铁十号线丰台站 三环新城8号院,近30天带看  6  次
交通大学 交大东路52号院,底层/16层,整租,/zufang/42762053.html,2室1厅,距离地铁西直门915米,南,7000元/月,精装,54.55平米,"近地铁,随时看",2019-04-05,西直门 交大东路52号院 精装两居,近30天带看  6  次
右安门外 玉林里,低楼层/18层,整租,/zufang/42761803.html,2室1厅,近30天带看  3  次,西南,6300元/月,精装,85平米,"随时看,拎包入住,集中供暖",,右安门 玉林里小区 业主直租两居室 玉林烤鸭店附近 看房方便,
学院路 清华东路27号院,中楼层/6层,整租,/zufang/42761326.html,2室1厅,距离地铁六道口233米,南北,7800元/月,简装,78.4平米,"近地铁,随时看,拎包入住,集中供暖",2019-04-05,六道口地铁站旁、清华东路27号院精装两居室,近30天带看  6  次
惠新西街 惠新里,底层/6层,整租,/zufang/42760875.html,2室1厅,距离地铁惠新西街南口502米,南北,6300元/月,精装,65平米,"近地铁,集中供暖",2019-04-05,惠新里二室一厅一卫 惠新西街南口 交通便利,近30天带看  9  次
顺义城 西辛南区,顶层/6层,整租,/zufang/42760356.html,2室1厅,近30天带看  1  次,南北,4500元/月,精装,85平米,"近地铁,拎包入住",,石门站西辛南区  精装大两居,
回龙观 国仕汇,中楼层/13层,整租,/zufang/42760103.html,1室1厅,近30天带看  4  次,南,5300元/月,精装,80平米,"随时看,拎包入住",,国仕汇精装一居室 业主直租,
小西天 五月华庭,高楼层/12层,整租,/zufang/42760048.html,1室0厅,距离地铁积水潭511米,南,6200元/月,精装,37.68平米,"近地铁,随时看,拎包入住,集中供暖",2019-04-06,积水潭地铁志强南园小西天五月华庭精装大一居,近30天带看  10  次
刘家窑 嘉业大厦二期,底层/12层,整租,/zufang/42759812.html,1室1厅,距离地铁刘家窑471米,西,5500元/月,简装,58平米,"近地铁,随时看,可短租,拎包入住",2019-04-06,刘家窑地铁口好房出租临近地铁三环,近30天带看  1  次
亦庄开发区 金地格林小镇6,高楼层/10层,整租,/zufang/42759540.html,3室2厅,近30天带看  5  次,南北,6800元/月,简装,140平米,"拎包入住,集中供暖",,金地格林小镇6 新出三居室  可整租可合租 可提前预约,
右安门外 玉林西里,中楼层/7层,整租,/zufang/42758108.html,2室1厅,近30天带看  1  次,南,5500元/月,精装,50平米,随时看,,右安门外玉林西里新上精装两居室拎包入住交通便利配套齐全,
北大地 正阳小区,高楼层/6层,整租,/zufang/42755999.html,3室1厅,距离地铁丰台东大街760米,南北,5800元/月,简装,89平米,"近地铁,随时看,拎包入住",2019-04-04,紧邻地铁9号线 东大街 正阳北里,近30天带看  7  次
紫竹桥 财智会馆,高楼层/14层,整租,/zufang/42755782.html,1室1厅,距离地铁车道沟931米,东,5700元/月,精装,49平米,"近地铁,拎包入住,集中供暖",2019-04-04,紫竹院车道沟，财智会馆 婚房装修，优质一居,近30天带看  7  次
官园 官苑八号,顶层/16层,整租,/zufang/42755257.html,1室1厅,距离地铁车公庄545米,西,13500元/月,精装,70.86平米,"近地铁,随时看,拎包入住,集中供暖",2019-04-04,官苑八号 新上精装一居全实木家具 高层采光好,近30天带看  2  次
花乡 鸿业兴园二区,顶层/18层,整租,/zufang/42755151.html,2室1厅,距离地铁丰台南路934米,南北,7000元/月,精装,90平米,"近地铁,随时看",2019-04-10,总部基地 科技园 天坛医院 欧尚精装两居 业主长期出租,近30天带看  3  次
潘家园 潘家园东里,低楼层/18层,整租,/zufang/42754905.html,2室1厅,距离地铁潘家园703米,东南,5700元/月,精装,61.53平米,"近地铁,拎包入住,集中供暖",2019-04-09,10号线 潘家园东里两居室业主直租,近30天带看  2  次
酒仙桥 驼房营南里,中楼层/6层,整租,/zufang/42754586.html,2室1厅,近30天带看  1  次,南北,6500元/月,简装,75平米,集中供暖,,酒仙桥驼房营南里精装2居邻近898久隆颐堤港,
朝阳门内 朝阳首府,低楼层/18层,整租,/zufang/42754463.html,2室1厅,距离地铁朝阳门242米,西,13000元/月,精装,88平米,近地铁,2019-04-04,5.2灯市口 朝阳门 北京inn 朝阳门内,近30天带看  3  次
潞苑 K2清水湾,低楼层/27层,整租,/zufang/42753174.html,3室2厅,近30天带看  2  次,南北,5600元/月,精装,100平米,随时看,,北关6号线  潞苑南大街拉维小镇 小潞邑 龙旺庄,
望京 博泰国际,中楼层/18层,整租,/zufang/42753736.html,1室0厅,距离地铁望京346米,北,8500元/月,精装,59.21平米,"近地铁,集中供暖",2019-04-04,望京星源国际可办公注册紧靠望京站交通便利,近30天带看  4  次
望京 夏都盈座,高楼层/22层,整租,/zufang/42753691.html,1室1厅,距离地铁望京308米,东,7200元/月,精装,65平米,"近地铁,可短租,拎包入住,集中供暖",2019-04-04,夏都盈座 精装东向一居 可短租 有钥匙,近30天带看  8  次
四惠 壹线国际惠泽园,低楼层/9层,整租,/zufang/42752611.html,2室1厅,距离地铁四惠490米,西北,7300元/月,精装,68平米,"近地铁,随时看,拎包入住,集中供暖",2019-04-07,"四惠地铁口，壹线国际,干净两居，随时看房",近30天带看  3  次
木樨园 南木樨园,中楼层/5层,整租,/zufang/42752526.html,2室1厅,距离地铁海户屯431米,南北,6500元/月,简装,90平米,"近地铁,拎包入住,集中供暖",2019-04-10,南木樨园 精装修 大两居室 拎包入住 看房方便,近30天带看  1  次
四惠 通惠家园惠民园,低楼层/28层,整租,/zufang/42752250.html,2室1厅,近30天带看  6  次,东,7200元/月,简装,83平米,"近地铁,随时看,拎包入住,集中供暖",,四惠高档社区 紧邻城铁 精装大2居 给您舒适的生活,
木樨地 真武家园,低楼层/16层,整租,/zufang/42750899.html,2室1厅,距离地铁南礼士路374米,南,16000元/月,精装,95平米,"近地铁,随时看,拎包入住,集中供暖",2019-04-18,真武家园精装大二居 业主自住 首租 看房方便 拎包住金融街,近30天带看  7  次
金顶街 金顶街青年公寓,高楼层/16层,整租,/zufang/42750768.html,1室1厅,距离地铁金安桥516米,南,3400元/月,简装,45平米,"近地铁,随时看,拎包入住,集中供暖",2019-04-03,金顶街青年公寓一居室，随时看房有钥匙，干净整洁,近30天带看  8  次
果园 苏荷时代,低楼层/18层,整租,/zufang/42749900.html,2室1厅,距离地铁果园225米,西南,5200元/月,精装,70平米,"近地铁,随时看,拎包入住",2019-04-03,(果园地铁站)苏荷时代，精装两居，采光好，拎包入住，舒适方便,近30天带看  5  次
西直门 明光村小区,高楼层/12层,整租,/zufang/42749018.html,2室1厅,距离地铁大钟寺1382米,南,8000元/月,豪装,70平米,"近地铁,拎包入住,集中供暖",2019-04-04,西直门蓟门桥 枫蓝国际 明光村精装两居,近30天带看  7  次
广安门 荣丰2008,高楼层/31层,整租,/zufang/42748600.html,1室1厅,近30天带看  5  次,东,3800元/月,精装,27平米,"近地铁,随时看,拎包入住,集中供暖",,地铁7号线 达官营 小户型整租 随时入住 随时看,
双桥 双惠苑1号院,低楼层/6层,整租,/zufang/42748182.html,2室1厅,距离地铁双桥521米,南北,6000元/月,精装,83平米,"近地铁,随时看,拎包入住",2019-04-04,八通线双桥 双惠苑南北两居室,近30天带看  9  次
苏州桥 小南庄甲26号院,中楼层/6层,整租,/zufang/42746855.html,1室1厅,距离地铁苏州街999米,南,6300元/月,精装,42.1平米,"近地铁,可短租,拎包入住,集中供暖",2019-04-16,苏州街 小南庄甲26号院温馨朝南一居室 周临公交站万泉庄小,近30天带看  9  次
官园 西直门南大街,中楼层/20层,整租,/zufang/42745731.html,2室1厅,距离地铁车公庄118米,东,7800元/月,简装,67平米,"近地铁,拎包入住,集中供暖",2019-04-02,西直门南大街新上带电梯两居 有钥匙 随时看房,近30天带看  6  次
常营 金隅丽景园,中楼层/28层,整租,/zufang/42745037.html,1室1厅,距离地铁草房315米,南,4600元/月,精装,50平米,"近地铁,随时看,拎包入住,集中供暖",2019-04-02,朝阳常营金隅丽景园精装一居室家具家电齐全随时入住,近30天带看  6  次
东四 美术馆后街,中楼层/10层,整租,/zufang/42743786.html,3室1厅,距离地铁中国美术馆449米,南北,10000元/月,简装,90平米,"近地铁,拎包入住",2019-04-02,美术馆后街南北通透三居室带电梯拎包入住,近30天带看  1  次
西坝河 西坝河中里,高楼层/11层,整租,/zufang/42741706.html,2室1厅,距离地铁柳芳900米,南,6500元/月,简装,61.12平米,"近地铁,随时看,拎包入住,集中供暖",2019-04-03,国展、西坝河中里、两居出租看房随时,近30天带看  5  次
立水桥 佳运园三期,底层/6层,整租,/zufang/42740466.html,1室1厅,距离地铁立水桥1004米,东,5100元/月,精装,67平米,"近地铁,拎包入住",2019-04-03,立水桥一居室出租，新小区，环境好，精装修，拎包入住,近30天带看  4  次
望京 国风北京,低楼层/21层,整租,/zufang/42740326.html,3室2厅,距离地铁望京东985米,南北,17000元/月,简装,160平米,"近地铁,随时看,拎包入住",2019-04-04,国风北京南北三居室正对小区花园周边五百强企业,近30天带看  3  次
木樨地 复兴门外大街21、23、25、27、29号楼,高楼层/12层,整租,/zufang/42739884.html,2室1厅,距离地铁木樨地312米,南北,8000元/月,简装,65平米,"近地铁,随时看",2019-04-02,月坛三里河南礼士路近金融街精装两室一厅,近30天带看  4  次
方庄 GOGO新世代,高楼层/9层,整租,/zufang/42739045.html,1室1厅,距离地铁蒲黄榆105米,南,13800元/月,简装,83平米,"近地铁,随时看,拎包入住,集中供暖",2019-04-02,gogo新世代 大一居出租,近30天带看  1  次
北苑 华贸城7号院,中楼层/32层,整租,/zufang/42738020.html,2室1厅,近30天带看  5  次,南,5500元/月,精装,55平米,"近地铁,随时看",,朝阳北苑华贸天地精装大开间 看房方便随时可住,
亚运村 安慧北里秀园,低楼层/6层,整租,/zufang/42737944.html,2室1厅,距离地铁大屯路东689米,南北,6800元/月,简装,65平米,"近地铁,随时看",2019-04-04,亚运村安慧北里秀园 两居 南北通透 有钥匙 看房随时,近30天带看  1  次
和平里 安贞苑50号院,底层/6层,整租,/zufang/42736825.html,2室1厅,距离地铁安贞门750米,南北,8100元/月,简装,65.82平米,"近地铁,随时看,拎包入住,集中供暖",2019-04-09,安贞苑50号院大两居，环球贸易对面，安贞桥东,近30天带看  7  次
定福庄 定福庄北里1号院,顶层/6层,整租,/zufang/42736191.html,2室1厅,距离地铁褡裢坡702米,南北,4700元/月,精装,62平米,"近地铁,随时看",2019-04-01,六号线褡裢坡业主直租,近30天带看  3  次
老山 老山东里,高楼层/6层,整租,/zufang/42735132.html,2室1厅,距离地铁八角游乐园992米,南北,4500元/月,精装,51平米,"近地铁,随时看,拎包入住,集中供暖",2019-04-01,鲁谷万达对面，老山东里，精装两居，家电齐全，随时看房,近30天带看  5  次
清河 福美苑,低楼层/18层,整租,/zufang/42734702.html,2室1厅,距离地铁西小口1025米,西,7200元/月,精装,100平米,"近地铁,随时看,拎包入住,集中供暖",2019-04-02,北大人民医院 小营桥精装两居 业主直租户型方正,近30天带看  8  次
永定门 华龙美晟,中楼层/15层,整租,/zufang/42734064.html,2室1厅,近30天带看  6  次,东,6800元/月,精装,75平米,"近地铁,随时看",,永定门 天天家园华龙美晟富莱茵花园宣祥家园精装两居,
交通大学 交大东路36号,高楼层/11层,整租,/zufang/42733821.html,1室1厅,距离地铁西直门1175米,西,7900元/月,豪装,73平米,"近地铁,随时看",2019-03-31,西直门交大东路36号院.品阁小区精装一居室,近30天带看  7  次
马连洼 六郎庄新村,底层/10层,整租,/zufang/42733605.html,2室1厅,近30天带看  5  次,西南,7500元/月,简装,76平米,"随时看,拎包入住",,马连洼大两居 紧邻中关村软件园农大 上地滴滴浪潮开拓大厦,
左安门 左安漪园,高楼层/16层,整租,/zufang/42732697.html,5室2厅,距离地铁方庄880米,南北,26000元/月,豪装,260平米,"近地铁,随时看,拎包入住,集中供暖",2019-04-01,龙潭湖豪装双层复试拎包入住可办公,近30天带看  5  次
方庄 芳星园一区,高楼层/14层,整租,/zufang/42732671.html,3室1厅,距离地铁方庄634米,东,8200元/月,精装,81.3平米,"近地铁,随时看,拎包入住,集中供暖",2019-04-03,精装三居 精装 业主诚租,近30天带看  5  次
二里庄 石油大院,高楼层/16层,整租,/zufang/42731826.html,2室1厅,距离地铁北沙滩791米,西北,8200元/月,豪装,65平米,"近地铁,拎包入住",2019-04-03,石油大院，带电梯，豪华装修两居室,近30天带看  1  次
燕山 迎风一里,低楼层/6层,整租,/zufang/42730889.html,2室1厅,近30天带看  2  次,南北,1500元/月,简装,44.06平米,集中供暖,,燕山·迎风一里·两居室·出租,
苹果园 西山奥园,高楼层/16层,整租,/zufang/42730617.html,1室1厅,距离地铁苹果园1145米,南北,4500元/月,精装,60平米,"近地铁,拎包入住,集中供暖",2019-04-02,西山奥园，精装修一居室，拎包入住，靠近西山汇科技园区,近30天带看  8  次
草桥 玺萌鹏苑,低楼层/24层,整租,/zufang/42730081.html,1室1厅,距离地铁马家堡807米,北,4100元/月,精装,33.55平米,"近地铁,拎包入住,集中供暖",2019-03-31,玺萌鹏苑 南三环边上 精装小开间 价格便宜 随时入住,近30天带看  5  次
西直门 依都阁,底层/20层,整租,/zufang/42729500.html,2室1厅,距离地铁大钟寺1299米,东南,7800元/月,精装,80平米,"近地铁,随时看,集中供暖",2019-04-02,西直门 明光桥 依都阁 精装两居,近30天带看  1  次
首都机场 樱花园一区,中楼层/6层,整租,/zufang/42726086.html,2室1厅,近30天带看  6  次,南北,3000元/月,简装,78平米,"拎包入住,集中供暖",,樱花园一区两居室 拎包入住，家具家电齐全,
六里桥 莲怡园北路1号院,中楼层/6层,整租,/zufang/42723782.html,2室1厅,距离地铁六里桥899米,南北,6000元/月,简装,59.47平米,"近地铁,拎包入住,集中供暖",2019-03-31,莲怡园北路一号院，南北通透两居室，集中供暖,近30天带看  2  次
良乡 东关家园,低楼层/6层,整租,/zufang/42722464.html,2室1厅,距离地铁良乡大学城西1253米,南北,3000元/月,精装,83.12平米,"近地铁,随时看",2019-04-03,东关家园出租两居室，南北向干净的房子,近30天带看  2  次
六铺炕 六铺炕一区,中楼层/5层,整租,/zufang/42721189.html,2室1厅,距离地铁安德里北街274米,南,7500元/月,精装,42平米,"近地铁,随时看,拎包入住,集中供暖",2019-04-02,六铺炕 安德路 美廉美 鼓楼德胜门 地铁二号线八号线,近30天带看  8  次
赵公口 慧时欣园二期,高楼层/25层,整租,/zufang/42720107.html,2室2厅,距离地铁石榴庄417米,南北,8000元/月,精装,118平米,"近地铁,随时看,拎包入住,集中供暖",2019-03-30,石榴庄地铁品质小区慧时欣园景观房正对中心花园三轨交汇交通方便,近30天带看  2  次
永定门 城市亮点,顶层/12层,整租,/zufang/42716539.html,2室1厅,距离地铁永定门外220米,南,6400元/月,简装,78平米,"近地铁,随时看,集中供暖",2019-03-30,永定门外城市亮点两居室看房随时,近30天带看  7  次
双桥 东柳西里,底层/5层,整租,/zufang/42710995.html,2室1厅,距离地铁双桥910米,南北,5000元/月,精装,45平米,"近地铁,拎包入住,集中供暖",2019-03-28,东柳西里 两居室 随时看房,近30天带看  1  次
左安门 向新西里,中楼层/6层,整租,/zufang/42710911.html,2室1厅,距离地铁方庄833米,南,5600元/月,简装,60平米,"近地铁,集中供暖",2019-03-28,向新西里二室一厅一卫,近30天带看  5  次
方庄 芳城园一区,中楼层/28层,整租,/zufang/42710416.html,2室1厅,距离地铁方庄541米,西北,5900元/月,简装,58.3平米,"近地铁,随时看,集中供暖",2019-04-08,南二环 芳城园2居室 紧邻地铁 业主直租,近30天带看  7  次
良乡 首创伊林郡二期,底层/15层,整租,/zufang/42709862.html,2室1厅,近30天带看  5  次,南,3200元/月,简装,82平米,随时看,,首创伊林郡两居室出租,
陶然亭 中信锦园,低楼层/21层,整租,/zufang/42708536.html,2室1厅,距离地铁菜市口589米,南北,11000元/月,精装,97平米,"近地铁,集中供暖",2019-04-04,中信锦园 南北两居 能长租 看房方便,近30天带看  1  次
后沙峪 双裕小区,中楼层/5层,整租,/zufang/42707555.html,2室1厅,距离地铁后沙峪1015米,南北,4500元/月,精装,67.54平米,"近地铁,集中供暖",2019-03-30,双裕小区2室1厅，精装全齐，临近地铁,近30天带看  2  次
苹果园 广宁村,低楼层/6层,整租,/zufang/42707180.html,2室1厅,近30天带看  6  次,东西,3000元/月,简装,60平米,"随时看,拎包入住,集中供暖",,广宁村阜石路，交通便捷，家具家居齐全拎包入住,
酒仙桥 梵谷水郡,低楼层/9层,整租,/zufang/42706458.html,2室1厅,近30天带看  3  次,南,9200元/月,精装,121.46平米,"随时看,拎包入住,集中供暖",,酒仙桥梵谷水郡精装复式两居室随时看房紧邻898,
广安门 荣丰2008,中楼层/16层,整租,/zufang/42704970.html,2室1厅,近30天带看  7  次,南,6900元/月,精装,90平米,"近地铁,随时看,拎包入住,集中供暖",,广安门外荣丰三期新上业主直租精装修两室双卫燃气复式,
亚运村 亚奥观典,低楼层/25层,整租,/zufang/42703243.html,1室1厅,近30天带看  9  次,西,6400元/月,精装,40平米,"近地铁,随时看,拎包入住,集中供暖",,业主直租亚奥观典开间，随时看随时住,
黄村北 郁花园一里,底层/6层,整租,/zufang/42703104.html,3室2厅,距离地铁高米店北637米,南北,6500元/月,简装,100平米,"近地铁,随时看,拎包入住,集中供暖",2019-03-28,郁花园一里，精装3居室，家电全齐，拎包入住,近30天带看  2  次
古城 古城现代嘉园,高楼层/21层,整租,/zufang/42700708.html,1室1厅,距离地铁古城1276米,南,4500元/月,精装,55平米,"近地铁,随时看,集中供暖",2019-03-27,古城地铁 现代嘉园 开间一居 精装 全齐随时入住,近30天带看  3  次
德胜门 新风北里,中楼层/16层,整租,/zufang/42699836.html,1室1厅,距离地铁牡丹园1390米,南,7200元/月,精装,44.5平米,"近地铁,随时看,业主自荐",2019-03-26,新风北里，马甸南村，吉第嘉园，北三环，随时签约近地铁,近30天带看  1  次
东直门 民安小区东直门北中街,低楼层/5层,整租,/zufang/42697029.html,2室1厅,距离地铁东直门603米,南北,7800元/月,简装,52.49平米,"近地铁,随时看,拎包入住,集中供暖",2019-03-26,东直门，民安小区，南北两居，全明格局，可长租，有钥匙,近30天带看  7  次
双桥 东柳西里,中楼层/5层,整租,/zufang/42696905.html,1室1厅,距离地铁双桥910米,南,4500元/月,豪装,40平米,"近地铁,拎包入住",2019-03-27,双桥地铁南站 东柳西里 正规一居 南向 中楼层,近30天带看  7  次
回龙观 天露园二区,中楼层/6层,整租,/zufang/42695093.html,3室1厅,距离地铁龙泽1140米,南北,7300元/月,精装,128平米,"近地铁,随时看,拎包入住",2019-03-26,回龙观龙泽 天露园三居室 地铁13号线龙泽站 拎包入住,近30天带看  6  次
健翔桥 华严北里中科院,中楼层/16层,整租,/zufang/42689329.html,2室1厅,距离地铁健德门970米,西南,7000元/月,精装,65平米,"近地铁,拎包入住",2019-03-25,黄金地断超级抢手2室1厅出租7000.00元,近30天带看  1  次
双井 首城国际,中楼层/28层,整租,/zufang/42687682.html,2室1厅,距离地铁双井668米,南,15000元/月,豪装,90平米,"近地铁,拎包入住,集中供暖",2019-03-28,双井国贸CBD首城国际豪华两居随时看随时住地.铁站旁,近30天带看  1  次
双井 首城国际,中楼层/28层,整租,/zufang/42686225.html,2室1厅,距离地铁双井668米,南北,11500元/月,精装,88平米,"近地铁,随时看,拎包入住,集中供暖",2019-03-28,双井国贸CBD首城国际精装修两居随时看随时住地.铁站旁,近30天带看  1  次
天通苑 天通苑北三区,高楼层/7层,整租,/zufang/42685684.html,2室1厅,距离地铁天通苑1370米,南北,5700元/月,精装,108.04平米,"近地铁,随时看,拎包入住,集中供暖",2019-03-28,天通苑北三区，108平米双卫两居室，婚房装修。,近30天带看  6  次
北工大 磨房北里,低楼层/6层,整租,/zufang/42685622.html,2室1厅,距离地铁平乐园528米,南北,5500元/月,精装,65平米,"近地铁,随时看",2019-03-27,劲松潘家园磨房北里小区两居室价格便宜,近30天带看  1  次
右安门外 玉林里,高楼层/18层,整租,/zufang/42679796.html,2室1厅,近30天带看  7  次,东北,5500元/月,精装,66平米,随时看,,右安门 玉林里小区 业主直租两居 看房有钥匙,
德胜门 德胜置业,高楼层/19层,整租,/zufang/42677981.html,1室0厅,距离地铁安德里北街1060米,南,12500元/月,简装,88.25平米,"近地铁,集中供暖",2019-03-24,德胜置业办公室出租适合办公和做教育,近30天带看  4  次
马驹桥 宏仁家园,低楼层/28层,整租,/zufang/42675262.html,2室2厅,近30天带看  4  次,南北,3400元/月,精装,87平米,"随时看,集中供暖",,马驹桥宏仁家园新出两居，随时看房，领包入住,
团结湖 团结湖路北,中楼层/6层,整租,/zufang/42675178.html,1室1厅,距离地铁呼家楼787米,南,5800元/月,精装,55平米,"近地铁,随时看",2019-03-24,团结湖站 下楼地铁口 精装一室一厅 看房联系,近30天带看  7  次
广安门 丽水莲花二号院,顶层/28层,整租,/zufang/42674401.html,2室2厅,距离地铁湾子259米,南,10800元/月,精装,105平米,"近地铁,拎包入住,集中供暖",2019-03-24,丽水莲花 南向 两居 家具家电全,近30天带看  1  次
老山 中础大厦,高楼层/13层,整租,/zufang/42673822.html,2室1厅,距离地铁八角游乐园121米,南,5800元/月,简装,77平米,"近地铁,拎包入住,集中供暖",2019-03-22,八角地铁口 医院对面 碣石坪小区对面 中础大厦 精装修两居室,近30天带看  2  次
蒲黄榆 刘家窑东里,高楼层/18层,整租,/zufang/42672820.html,2室1厅,距离地铁蒲黄榆447米,南,4800元/月,精装,52平米,"近地铁,随时看,拎包入住,集中供暖",2019-03-23,蒲黄榆刘家窑地铁 家具家电齐 随时入住 看房有钥匙,近30天带看  4  次
官园 富通大厦,顶层/18层,整租,/zufang/42672578.html,2室1厅,距离地铁车公庄56米,西,12000元/月,精装,93.5平米,"近地铁,随时看,拎包入住,集中供暖",2019-03-23,车公庄，北礼士路，富通大厦精装两居室,近30天带看  3  次
欢乐谷 翠成馨园D区,中楼层/28层,整租,/zufang/42668946.html,2室1厅,近30天带看  2  次,西,5300元/月,精装,78平米,"随时看,拎包入住",,翠成馨园，两居室，整租,
四季青 曙光花园望山园,中楼层/17层,整租,/zufang/42668374.html,4室2厅,距离地铁车道沟676米,东南,19500元/月,精装,211.01平米,"近地铁,随时看,可短租,拎包入住",2019-03-22,地铁10号线 车道沟 曙光花园 精装大四居出租 随时看房,近30天带看  1  次
西直门 时代之光,高楼层/19层,整租,/zufang/42666634.html,1室1厅,距离地铁西直门900米,东北,7500元/月,简装,61平米,"近地铁,拎包入住,集中供暖",2019-03-24,西直门地铁 金晖嘉园 金运大厦 天兆家园旁 一居拎包入住,近30天带看  5  次
卢沟桥 晓月新城,低楼层/24层,整租,/zufang/42664832.html,2室1厅,近30天带看  3  次,东,4300元/月,精装,80平米,拎包入住,,卢沟桥 晓月新城 两居出租 看房方便,
八大处 西山枫林,中楼层/10层,整租,/zufang/42663980.html,2室2厅,近30天带看  6  次,东西,5600元/月,精装,80平米,"近地铁,随时看,拎包入住,集中供暖",,西山枫林精装两居室出租 带电梯 随时看房,
酒仙桥 飘HOME,高楼层/25层,整租,/zufang/42661089.html,1室1厅,距离地铁将台108米,东,7000元/月,精装,61.38平米,"近地铁,集中供暖",2019-03-22,飘home正规一居室，临近将台，颐堤港，出行购物都很方便,近30天带看  3  次
北苑 华贸城7号院,低楼层/17层,整租,/zufang/42659197.html,2室1厅,近30天带看  4  次,南,8000元/月,精装,52.86平米,"近地铁,随时看",,新北苑华贸城精装两居复式出租家电齐全 拎包住,
杨庄 御景山,底层/15层,整租,/zufang/42657827.html,2室1厅,距离地铁杨庄661米,东西,6500元/月,简装,106平米,"近地铁,随时看,拎包入住,集中供暖",2019-03-21,杨庄中区大两居东西朝向落地飘窗,近30天带看  9  次
常营 万象新天四区,高楼层/20层,整租,/zufang/42657234.html,2室1厅,距离地铁常营462米,南,8000元/月,简装,95平米,"近地铁,随时看,拎包入住,集中供暖",2019-03-23,6号线 常营 小区集中供暖 紧邻天街华联 看房随时,近30天带看  2  次
古城 古城路,高楼层/6层,整租,/zufang/42656093.html,1室1厅,距离地铁古城420米,南,3700元/月,简装,40平米,"近地铁,拎包入住,集中供暖",2019-03-20,古城路小区 简装一居室 看房方便,近30天带看  2  次
官园 东冠英胡同,中楼层/6层,整租,/zufang/42655870.html,1室1厅,距离地铁新街口395米,南,6500元/月,简装,38.7平米,近地铁,2019-03-20,东冠英胡同，精装随时看房,近30天带看  2  次
回龙观 领秀慧谷B区,高楼层/9层,整租,/zufang/42653793.html,2室1厅,距离地铁生命科学园748米,南北,6500元/月,精装,85平米,"近地铁,拎包入住",2019-03-24,领秀慧谷B区，精装修拎包住，两居室，地铁双线！,近30天带看  2  次
亚运村 安慧北里逸园,中楼层/26层,整租,/zufang/42652021.html,2室1厅,距离地铁大屯路东500米,西南,8400元/月,精装,84.37平米,近地铁,2019-03-21,看房提前联系 可以长租 精装修,近30天带看  7  次
紫竹桥 人济山庄,中楼层/28层,整租,/zufang/42651190.html,3室1厅,近30天带看  1  次,东北,16000元/月,精装,154平米,"随时看,拎包入住,集中供暖",,人机山庄 新上三居室紧邻 紫竹公园 国家图书馆,
回龙观 龙兴园北区,底层/6层,整租,/zufang/42649885.html,3室2厅,距离地铁龙泽1419米,南北,15000元/月,精装,140平米,"近地铁,随时看",2019-04-04,龙泽西二旗龙兴园精装三居室 可办公 包物业包取暖地铁13号线,近30天带看  1  次
欢乐谷 世纪东方城,中楼层/11层,整租,/zufang/42649675.html,2室2厅,距离地铁南楼梓庄619米,南北,8000元/月,精装,96.7平米,"近地铁,随时看",2019-03-19,欢乐谷景区 世纪东方嘉园  南北通透 邻地铁7号线,近30天带看  1  次
望京 望花路东里,高楼层/6层,整租,/zufang/42648719.html,1室1厅,距离地铁阜通378米,南,5000元/月,简装,50平米,"近地铁,随时看",2019-03-19,望花路东里一室一厅一卫,近30天带看  5  次
酒仙桥 驼房营南里,低楼层/22层,整租,/zufang/42647171.html,2室1厅,近30天带看  8  次,东南,6500元/月,精装,75平米,"随时看,拎包入住,集中供暖",,酒仙桥驼房营南里，精装两居室看房方便拎包入住898,
大悦城 天鹅湾南区,中楼层/29层,整租,/zufang/42647015.html,3室2厅,距离地铁青年路613米,南北,18000元/月,精装,165平米,"近地铁,随时看",2019-03-19,朝青 天鹅湾 南北通透 三居室有钥匙随时可以入住,近30天带看  1  次
西黄村 雍景四季,底层/18层,整租,/zufang/42646217.html,1室1厅,距离地铁西黄村263米,东,4500元/月,简装,40平米,"近地铁,随时看,拎包入住,集中供暖",2019-03-20,雍景四季 正规一居室 地铁旁 价格美丽,近30天带看  5  次
太平桥 太平桥小区,底层/6层,整租,/zufang/42643590.html,3室1厅,距离地铁六里桥东385米,南北,7800元/月,简装,78平米,"近地铁,随时看",2019-03-28,太平桥小区 精装三居,近30天带看  1  次
清河 清缘里小区,中楼层/10层,整租,/zufang/42641366.html,3室1厅,距离地铁永泰庄985米,南北,7300元/月,精装,90平米,"近地铁,随时看",2019-03-19,龙岗路永辉超市旁业主直租精装三居室家具齐全拎包入住,近30天带看  8  次
亚运村 安慧北里逸园,中楼层/26层,整租,/zufang/42638816.html,2室1厅,距离地铁大屯路东500米,东南,8000元/月,精装,94.15平米,"近地铁,随时看",2019-03-18,短租房源三月 看房随时,近30天带看  1  次
北苑 华贸城7号院,中楼层/20层,整租,/zufang/42628734.html,2室1厅,近30天带看  1  次,南,8000元/月,精装,53平米,"近地铁,随时看",,新北苑华贸城精装两居全封复式，家电齐全拎包住,
西直门 德宝新园,低楼层/7层,整租,/zufang/42628403.html,2室1厅,距离地铁动物园633米,南北,6500元/月,精装,65平米,"近地铁,集中供暖",2019-03-19,西直门地铁新兴东巷新兴中巷德宝新园看房联系,近30天带看  7  次
房山城关 永安西里北区,高楼层/6层,整租,/zufang/42627897.html,2室1厅,距离地铁房山城关1437米,南北,1700元/月,简装,58.19平米,"近地铁,拎包入住,集中供暖",2019-03-18,房子干净家电齐全两居室60平米1700元,近30天带看  6  次
新发地 银地家园,中楼层/13层,整租,/zufang/42627630.html,1室1厅,近30天带看  2  次,北,4000元/月,精装,45平米,"随时看,集中供暖",,南四环 花乡新发地银地家园温馨大开间出租随时看房,
建国门外 长安6号,中楼层/18层,整租,/zufang/42621708.html,1室1厅,距离地铁永安里789米,南,8000元/月,精装,50.01平米,"近地铁,随时看,集中供暖",2019-03-15,国贸建外大街永安里地铁旁 长安国际开间拎包住,近30天带看  4  次
赵公口 石榴园北里,顶层/6层,整租,/zufang/42621353.html,2室1厅,距离地铁石榴庄396米,东西,5300元/月,精装,58.8平米,"近地铁,随时看,拎包入住,集中供暖",2019-03-16,10号线旁边石榴园北里小区精装两居随时看房拎包入住,近30天带看  5  次
紫竹桥 财智会馆,中楼层/14层,整租,/zufang/42621281.html,1室1厅,距离地铁车道沟931米,东,5600元/月,精装,48平米,"近地铁,拎包入住,集中供暖",2019-03-15,紫竹院 车道沟 长智路 财智会馆 精装一居,近30天带看  3  次
潘家园 华威北里,中楼层/19层,整租,/zufang/42617413.html,1室1厅,距离地铁潘家园387米,东南,4900元/月,精装,46.44平米,"近地铁,集中供暖",2019-03-19,潘家园 劲松 华威北里 精装一居 电梯房,近30天带看  6  次
德胜门 马甸南村,高楼层/20层,整租,/zufang/42615424.html,3室1厅,距离地铁健德门1151米,南,8000元/月,精装,79.2平米,"近地铁,随时看",2019-03-14,马甸南村双秀公园新风街新风街新风南里,近30天带看  5  次
安贞 国典华园,中楼层/18层,整租,/zufang/42615236.html,3室2厅,距离地铁安贞门458米,东南,16000元/月,精装,130平米,"近地铁,随时看,拎包入住,集中供暖",2019-03-14,惠新西街 安贞 国典华园 精装三室 看房有钥匙,近30天带看  5  次
广安门 荣丰2008,低楼层/20层,整租,/zufang/42613210.html,1室0厅,近30天带看  2  次,南,3900元/月,精装,28平米,"近地铁,拎包入住,集中供暖",,荣丰2008 二期南向 开间 家具家电全,
德胜门 双旗杆东里,顶层/4层,整租,/zufang/42611215.html,2室1厅,近30天带看  7  次,南北,6600元/月,简装,57.7平米,"近地铁,随时看,可短租,拎包入住",,北三环中路，双旗杆两居室，拎包入住,
安定门 六铺炕,中楼层/16层,整租,/zufang/42605150.html,1室1厅,距离地铁鼓楼大街549米,东南,12000元/月,精装,73平米,"近地铁,随时看,集中供暖",2019-03-13,六铺炕精装一居室，随时看房,近30天带看  3  次
乔庄 玉桥北里,高楼层/6层,整租,/zufang/42604671.html,2室1厅,距离地铁北运河西1270米,南北,3600元/月,精装,58.33平米,"近地铁,可短租,拎包入住,集中供暖",2019-03-14,玉桥北里 精装两居室 价格美丽 拎包入住 生活方便,近30天带看  2  次
石佛营 晨光家园A区,低楼层/28层,整租,/zufang/42604440.html,1室1厅,距离地铁十里堡356米,东,6300元/月,简装,72平米,"近地铁,随时看",2019-03-13,十里堡石佛营晨光家园一居室看房随时,近30天带看  3  次
潘家园 潘家园东里,高楼层/18层,整租,/zufang/42602466.html,2室1厅,距离地铁潘家园703米,东北西,6200元/月,精装,70平米,"近地铁,随时看,集中供暖",2019-03-14,潘家园东里全明格局两居室，业主直租,近30天带看  2  次
天通苑 天通苑北三区,高楼层/6层,整租,/zufang/42596580.html,2室1厅,距离地铁天通苑1370米,南北,6000元/月,精装,125.25平米,"近地铁,随时看,拎包入住,集中供暖",2019-03-13,5号线天通苑站附近，125平米大两居室，家具齐全，没有出租过,近30天带看  2  次
安贞 富仁名苑,低楼层/16层,整租,/zufang/42595071.html,2室1厅,近30天带看  7  次,西南,7500元/月,简装,81.91平米,"近地铁,拎包入住,集中供暖",,安贞门 环宇荟 惠新西街南口 富仁名苑 精装南向大两居,
德胜门 裕中东里小区,顶层/6层,整租,/zufang/42594120.html,2室1厅,距离地铁安华桥441米,南北,7000元/月,简装,60.2平米,"近地铁,随时看,集中供暖",2019-03-12,西城德胜门 马甸桥东 南北通透两居室 业主直租 看房随时,近30天带看  4  次
鲁谷 依翠园,低楼层/18层,整租,/zufang/42592161.html,3室1厅,距离地铁八角游乐园803米,南,7800元/月,精装,100平米,"近地铁,随时看,拎包入住,集中供暖",2019-03-12,鲁谷 依翠园小区 精装修三居室 家具家电全齐拎包入住,近30天带看  3  次
杨庄 新都丽苑,高楼层/18层,整租,/zufang/42591352.html,2室1厅,距离地铁杨庄633米,南北,5600元/月,简装,92平米,"近地铁,随时看,拎包入住,集中供暖",2019-03-19,新都丽苑 精装两居室,近30天带看  6  次
甘露园 甘露晴苑,高楼层/22层,整租,/zufang/42588608.html,3室1厅,距离地铁青年路813米,东南,8500元/月,简装,104平米,"近地铁,随时看,拎包入住,集中供暖",2019-03-12,高碑店 甘露晴苑精装三居室 紧邻地铁站 拎包入住,近30天带看  2  次
苹果园 模式口西里,低楼层/6层,整租,/zufang/42587453.html,2室1厅,距离地铁金安桥1289米,南,3800元/月,简装,64平米,"近地铁,集中供暖",2019-03-10,模式口西里 低楼层两居室 温馨干净 看房方便,近30天带看  6  次
马家堡 明日嘉园,高楼层/28层,整租,/zufang/42586925.html,2室1厅,距离地铁角门西402米,西北,8000元/月,精装,90平米,"近地铁,随时看",2019-03-11,角门，明日嘉园，精装两居,近30天带看  2  次
良乡 花园巷小区,中楼层/6层,整租,/zufang/42586652.html,2室1厅,近30天带看  3  次,南,2800元/月,简装,71.94平米,随时看,,两居出租，干净整洁，交通便利,
健翔桥 华严北里小区,中楼层/16层,整租,/zufang/42585853.html,1室1厅,距离地铁奥体中心849米,南,5500元/月,精装,48平米,"近地铁,随时看,拎包入住,集中供暖",2019-03-11,健德门 华严北里小区一室一厅一卫,近30天带看  8  次
东直门 北官厅胡同,中楼层/5层,整租,/zufang/42582127.html,2室1厅,距离地铁雍和宫851米,南北,7500元/月,简装,61平米,"近地铁,拎包入住,集中供暖",2019-03-10,东直门北官厅两居出租 +南北通透中间楼层+临地铁临簋街,近30天带看  7  次
阜成门 百万庄大街13号院,顶层/10层,整租,/zufang/42577351.html,2室1厅,距离地铁车公庄575米,西,7800元/月,简装,75.3平米,"近地铁,随时看,可短租,集中供暖",2019-03-10,阜成门 车公庄 百万庄  精装75平米两居出租,近30天带看  3  次
安定门 青年湖东里,中楼层/6层,整租,/zufang/42577340.html,1室1厅,距离地铁安定门845米,西,5900元/月,精装,50.37平米,"近地铁,随时看",2019-03-10,安定门  西营房 上龙西里 青年湖东里55平一居出租,近30天带看  6  次
广安门 乐城,高楼层/24层,整租,/zufang/42575705.html,1室1厅,近30天带看  1  次,北,4500元/月,精装,41平米,"随时看,拎包入住,集中供暖",,乐城 精装一居室 业主装修花20万价格美丽 红莲南路 新年华,
广安门 车站西街15号院,高楼层/6层,整租,/zufang/42570891.html,2室1厅,距离地铁达官营1262米,南北,5600元/月,精装,58平米,"近地铁,随时看,集中供暖",2019-03-11,广安门 车站西街 精装二居室 随时看房,近30天带看  4  次
鲁谷 双锦园,低楼层/14层,整租,/zufang/42570649.html,2室1厅,距离地铁八角游乐园1006米,南北,5500元/月,精装,65平米,"近地铁,拎包入住,集中供暖",2019-03-08,鲁谷一号线万达对面双锦园精装两居室南北向拎包入住,近30天带看  1  次
和义 和义西里二区,中楼层/6层,整租,/zufang/42562392.html,2室1厅,距离地铁和义326米,南北,5200元/月,精装,90.19平米,"近地铁,随时看",2019-03-09,和义西里二区精装两居室，设施齐全，位置优越,近30天带看  5  次
马家堡 城南嘉园益城园,低楼层/9层,整租,/zufang/42560159.html,2室2厅,距离地铁公益西桥652米,南北,8500元/月,精装,104平米,"近地铁,随时看,拎包入住",2019-03-13,4号线公益西桥地铁附近精装大两居出租,近30天带看  2  次
三元桥 新源街,低楼层/6层,整租,/zufang/42553058.html,2室1厅,距离地铁亮马桥867米,南,9300元/月,豪装,60平米,"近地铁,拎包入住,集中供暖",2019-03-07,三元桥左家庄三里屯北东直门附近业主自住豪装南北低层两居,近30天带看  2  次
月坛 铁二区,底层/6层,整租,/zufang/42549640.html,2室1厅,距离地铁南礼士路610米,南,7000元/月,精装,45平米,"近地铁,随时看,拎包入住,集中供暖",2019-03-08,二七剧场路附近 铁二区一居改两居户型 月坛南街,近30天带看  7  次
方庄 芳古园一区,高楼层/18层,整租,/zufang/42548141.html,3室1厅,距离地铁蒲黄榆370米,南北,9000元/月,精装,95平米,"近地铁,随时看",2019-03-06,方庄 蒲黄榆 芳古园精装三居,近30天带看  7  次
广渠门 保利蔷薇苑,低楼层/19层,整租,/zufang/42547462.html,1室1厅,近30天带看  4  次,北,5500元/月,精装,45平米,随时看,,地铁口，精装商品大开间，看房方便配套齐全,
草桥 恋日嘉园二期,低楼层/17层,整租,/zufang/42547014.html,3室2厅,距离地铁草桥268米,南北,11500元/月,精装,143.9平米,"近地铁,随时看,拎包入住,集中供暖",2019-03-07,南三环草桥恋日嘉园二期精装3居，随时看房,近30天带看  3  次
首都机场 樱花园一区,中楼层/7层,整租,/zufang/42546757.html,2室1厅,近30天带看  3  次,南北,3600元/月,简装,108平米,拎包入住,,樱花园一区 中装两居室 拎包入住,
圆明园 芙蓉里小区,底层/14层,整租,/zufang/42546531.html,1室1厅,距离地铁北京大学东门1271米,东,6800元/月,简装,43.6平米,"近地铁,集中供暖",2019-03-06,北大西门万小芙蓉里，0蔚秀园。温馨一居。随时看房,近30天带看  7  次
牛街 南线阁甲39号院,低楼层/18层,整租,/zufang/42546206.html,1室1厅,距离地铁广安门内720米,南,5600元/月,精装,50平米,"近地铁,拎包入住,集中供暖",2019-03-07,广安门，南线阁，精装一居电梯房,近30天带看  2  次
后沙峪 裕祥花园,底层/4层,整租,/zufang/42545550.html,1室1厅,近30天带看  3  次,南,3600元/月,简装,59.94平米,"拎包入住,集中供暖",,裕祥花园 一居 带家具家电 永辉物美奥特莱斯 采光好,
陶然亭 畅柳园,低楼层/16层,整租,/zufang/42543423.html,2室1厅,距离地铁陶然亭857米,西,7500元/月,精装,73平米,"近地铁,随时看",2019-03-06,陶然亭附近，畅柳园小区，精装两居看房方便,近30天带看  4  次
宣武门 枫桦豪景,中楼层/17层,整租,/zufang/42541943.html,3室1厅,距离地铁菜市口280米,南北,22000元/月,豪装,187平米,"近地铁,随时看",2019-03-06,枫桦豪景三室一厅一卫,近30天带看  2  次
木樨地 新302,高楼层/8层,整租,/zufang/42537075.html,2室2厅,距离地铁南礼士路388米,东西,9500元/月,精装,78.8平米,"近地铁,拎包入住,集中供暖",2019-03-09,新302温馨家园豪装2居室 广电总局 音乐学院 金融街,近30天带看  4  次
魏公村 地质力学研究所,低楼层/6层,整租,/zufang/42533773.html,2室1厅,近30天带看  7  次,南北,9500元/月,精装,80平米,"近地铁,随时看,集中供暖",,地质力精装 两居室 紧邻北京舞蹈 国家图书馆 紫竹公园,
望京 炫彩嘉轩,高楼层/25层,整租,/zufang/42530320.html,1室1厅,距离地铁望京东760米,西,6900元/月,精装,60平米,"近地铁,随时看,拎包入住,集中供暖",2019-03-04,望京炫彩嘉轩，精装正规一居，拎包入住可长租,近30天带看  15  次
后沙峪 空港吉祥花园,高楼层/8层,整租,/zufang/42529670.html,2室1厅,距离地铁花梨坎461米,南,5500元/月,精装,72.17平米,"近地铁,随时看",2019-03-05,空港吉祥花园精装两居室，全齐拎包住，紧邻花梨坎地铁站,近30天带看  3  次
新街口 后桃园,中楼层/5层,整租,/zufang/42527655.html,2室1厅,距离地铁西直门656米,南北,8600元/月,精装,54.3平米,"近地铁,随时看,拎包入住,集中供暖",2019-03-06,"新街口西直门地铁,后桃园小区,精装修,两居室,随时看房",近30天带看  10  次
德胜门 德胜门外大街乙12号院,中楼层/6层,整租,/zufang/42524209.html,2室1厅,距离地铁安德里北街1251米,东西,7500元/月,精装,62.3平米,"近地铁,随时看",2019-03-04,德胜门外大街乙12号精装两居 看房方便,近30天带看  2  次
双井 首城国际,低楼层/28层,整租,/zufang/42522685.html,3室1厅,距离地铁双井668米,南北,10500元/月,简装,90平米,"近地铁,随时看,拎包入住,集中供暖",2019-03-03,小区中心位置 低楼层 南北向三居,近30天带看  2  次
通州北苑 华兴园,高楼层/6层,整租,/zufang/42518747.html,2室2厅,距离地铁通州北苑612米,南,5000元/月,精装,94.58平米,"近地铁,集中供暖",2019-03-02,华兴园小区，正规两居室,近30天带看  6  次
双榆树 北京科技会展中心,低楼层/25层,整租,/zufang/42516494.html,3室2厅,距离地铁人民大学274米,南,32000元/月,精装,232平米,"近地铁,随时看,集中供暖",2019-03-02,双安边上科技会展中心精装修三居复式办公,近30天带看  2  次
酒仙桥 风景线,中楼层/24层,整租,/zufang/42511190.html,1室1厅,距离地铁将台665米,东,7500元/月,精装,65.92平米,"近地铁,随时看,拎包入住",2019-03-10,酒仙桥将台地铁风景线小区飘一居有钥匙随时看房,近30天带看  1  次
亦庄开发区 中信新城,低楼层/21层,整租,/zufang/42511169.html,2室1厅,近30天带看  3  次,南,4300元/月,简装,74平米,随时看,,中信新城 两室一厅 全南朝向 4500,
月坛 南礼士路三条北里,高楼层/7层,整租,/zufang/42502323.html,2室1厅,距离地铁南礼士路599米,南北,7800元/月,简装,60平米,"近地铁,拎包入住,集中供暖",2019-02-28,南礼士路三条北里，新上两室一厅，看房抓紧哦,近30天带看  7  次
西直门 明光村小区,高楼层/12层,整租,/zufang/42502225.html,2室1厅,距离地铁大钟寺1382米,南,7500元/月,精装,65平米,"近地铁,集中供暖",2019-02-27,明光桥 明光村两居出租 看房预约,近30天带看  3  次
管庄 京通苑,高楼层/6层,整租,/zufang/42501063.html,2室1厅,距离地铁管庄549米,南北,4800元/月,精装,50平米,"近地铁,随时看",2019-03-12,京通苑两居室南北通透 交通方便,近30天带看  1  次
通州北苑 世纪星城,高楼层/26层,整租,/zufang/42485194.html,3室1厅,距离地铁果园990米,南北,5500元/月,简装,104平米,"近地铁,拎包入住,集中供暖",2019-02-25,广渠路沿线 果园地铁 世纪星城 经典三居室,近30天带看  6  次
新街口 新街口西里一区,低楼层/6层,整租,/zufang/42481978.html,3室2厅,距离地铁积水潭463米,南北,14000元/月,精装,83.24平米,近地铁,2019-02-25,新街口西里 低层 三室两厅两卫 房子可长租靠近积水潭地铁,近30天带看  4  次
三元桥 新源南路,顶层/6层,整租,/zufang/42481341.html,2室1厅,距离地铁亮马桥841米,南,7500元/月,精装,60平米,"近地铁,随时看,拎包入住,集中供暖",2019-02-24,精装两居亮马桥三元桥鹏润佳程平安南银 新源里 随时入住,近30天带看  5  次
工体 十字坡东里,顶层/6层,整租,/zufang/42480876.html,2室1厅,距离地铁东直门421米,南,7600元/月,精装,63平米,"近地铁,随时看,拎包入住,集中供暖",2019-02-24,东直门地铁旁 十字坡东里两居室双朝南 工体三里屯,近30天带看  3  次
小西天 新街口外大街甲12号院,顶层/6层,整租,/zufang/42480024.html,2室1厅,距离地铁积水潭1204米,南北,7000元/月,精装,54.4平米,"近地铁,随时看",2019-03-08,德胜门，新街口外大街，南北通透两居室，长租，随时看房,近30天带看  4  次
朝青 天鹅湾北区,低楼层/26层,整租,/zufang/42471418.html,2室2厅,距离地铁青年路526米,西南,11000元/月,精装,95平米,"近地铁,拎包入住",2019-02-26,六号线 青年路 天鹅湾北区两居室,近30天带看  4  次
苹果园 海特花园,低楼层/18层,整租,/zufang/42467728.html,2室1厅,距离地铁杨庄550米,南,5800元/月,简装,95平米,"近地铁,随时看,拎包入住,集中供暖",2019-03-01,海特花园电梯精装两居室随时看家具齐全门口六号线,近30天带看  1  次
四惠 通惠家园惠民园,低楼层/28层,整租,/zufang/500028252.html,1室1厅,近30天带看  1  次,西,6500元/月,精装,62平米,集中供暖,,通惠家园惠民园一居室整租 6500元 近地铁,
黄村北 枣园尚城北区,中楼层/17层,整租,/zufang/500027460.html,2室1厅,距离地铁枣园540米,南北,4500元/月,精装,81平米,"近地铁,集中供暖",2019-04-24,枣园尚城北区 精装两居 交通便利,近30天带看  0  次
亚运村 慧忠里C区,底层/6层,整租,/zufang/500027355.html,1室1厅,距离地铁安立路868米,南北,8500元/月,豪装,60平米,"近地铁,随时看,拎包入住,集中供暖",2019-04-23,亚运村 慧忠里豪华装修一居室 南北向 看房方便,近30天带看  0  次
官园 冠英园,底层/6层,整租,/zufang/500027195.html,1室1厅,距离地铁新街口277米,西,6500元/月,精装,55平米,"近地铁,随时看,集中供暖",2019-04-22,冠英园小区 赵登禹路 新街口地铁 精装一居室 交通便利,近30天带看  0  次
草桥 玺萌鹏苑,高楼层/24层,整租,/zufang/500021098.html,2室1厅,距离地铁马家堡807米,西北,7200元/月,精装,82.74平米,"近地铁,随时看,拎包入住,集中供暖",2019-04-21,南三环边上 玺萌鹏苑 出租两居 家电家具齐全 业主直租,近30天带看  0  次
顺义城 华玺瀚楟,高楼层/21层,整租,/zufang/500020744.html,3室2厅,距离地铁石门1007米,南北,7000元/月,精装,136.08平米,"近地铁,拎包入住,集中供暖",2019-04-24,石门地铁，华玺瀚楟，南北通透，三室二卫，拎包入住,近30天带看  0  次
定福庄 定福庄南里3号院,高楼层/6层,整租,/zufang/500020691.html,1室1厅,近30天带看  0  次,南,4200元/月,精装,60平米,"拎包入住,集中供暖",,定福庄南里三号院 精装一居室 家具家电齐全包物业取暖,
酒仙桥 晶都国际,高楼层/20层,整租,/zufang/500020326.html,3室2厅,距离地铁将台538米,南北,15000元/月,精装,155.79平米,"近地铁,随时看,拎包入住,集中供暖",2019-04-21,望京 酒仙桥 晶都国际 精装3居室 看房方便,近30天带看  0  次
亚运村小营 远洋万和城,高楼层/21层,整租,/zufang/500020296.html,2室1厅,距离地铁关庄967米,北,14000元/月,精装,89平米,"近地铁,随时看",2019-04-21,亚运村远洋万和城未来广场旁边高端社区,近30天带看  0  次
方庄 芳城园一区,中楼层/25层,整租,/zufang/500018597.html,2室1厅,距离地铁方庄541米,东北,6500元/月,精装,70平米,"近地铁,随时看,拎包入住,集中供暖",2019-04-23,方庄 芳城园一区 精装修两居室 看房方便,近30天带看  0  次
阜成门 百万庄大街1号院,中楼层/6层,整租,/zufang/500018476.html,1室1厅,距离地铁车公庄380米,南,6600元/月,精装,48平米,"近地铁,随时看,拎包入住,集中供暖",2019-04-20,北礼士路阜外医院 车公庄大街 文华园 金融街位置优越,近30天带看  0  次
安定门 安外大街3号院,低楼层/6层,整租,/zufang/500017700.html,2室1厅,距离地铁和平里北街1073米,南北,7000元/月,精装,60平米,"近地铁,集中供暖",2019-04-22,安外大街3号院 电梯长签 地铁8号线安华桥 柳荫公园,近30天带看  0  次
黄村中 时代龙和大道,低楼层/8层,整租,/zufang/500017333.html,2室1厅,距离地铁黄村西大街1030米,南北,5200元/月,精装,100.3平米,"近地铁,随时看,拎包入住",2019-04-20,时代龙和大道 精装大两居 采光充足,近30天带看  0  次
和义 久敬佳园,中楼层/6层,整租,/zufang/500017276.html,2室1厅,距离地铁和义726米,南北,5600元/月,精装,97.91平米,"近地铁,拎包入住,集中供暖",2019-04-20,地铁8号线 久敬佳园两居室 精装全齐首租 5600,近30天带看  0  次
二里庄 石油大院,中楼层/14层,整租,/zufang/500016455.html,3室2厅,距离地铁北沙滩791米,南北,16500元/月,精装,118平米,"近地铁,随时看,拎包入住,集中供暖",2019-04-19,石油大院青年园新楼大三居，温馨舒适，可长租,近30天带看  0  次
天通苑 天通苑东二区,顶层/6层,整租,/zufang/500016370.html,4室2厅,近30天带看  0  次,南北,11000元/月,精装,180平米,随时看,,天通苑东二区 6+7复式 精装修 业主直租随时看,
梨园 时尚街区东区,低楼层/18层,整租,/zufang/500016202.html,2室1厅,距离地铁梨园164米,南,5700元/月,精装,100平米,"近地铁,随时看",2019-04-19,通州梨园地铁 时尚街区东区 精装大两居室 看房方便家具齐全,近30天带看  0  次
六铺炕 六铺炕三区,底层/6层,整租,/zufang/500016124.html,1室1厅,距离地铁安德里北街694米,南,5400元/月,简装,43.5平米,"近地铁,随时看,拎包入住,集中供暖",2019-04-21,安德路 六铺炕低楼层朝南一居室靠谱出租 小区安静,近30天带看  0  次
乔庄 乔庄西区,低楼层/6层,整租,/zufang/42780938.html,1室1厅,距离地铁北运河西898米,南北,3100元/月,简装,47平米,"近地铁,可短租,拎包入住",2019-04-13,乔庄北运河西 西区温馨干净一居 低层南北通透采光好交通便利,近30天带看  2  次
芍药居 芍药居甲2号院,中楼层/6层,整租,/zufang/42751292.html,1室1厅,距离地铁芍药居426米,南,5800元/月,简装,45平米,"近地铁,拎包入住,集中供暖",2019-04-03,芍药居甲2号院 对外经贸北服 中日医院 地铁10/13线,近30天带看  10  次
六里桥 六里桥北里小区,中楼层/6层,整租,/zufang/42741189.html,1室1厅,距离地铁六里桥754米,南,4500元/月,精装,45平米,"近地铁,随时看",2019-04-06,六里桥 地铁沿线 正规一居出租,近30天带看  13  次
苏州桥 三义庙,中楼层/6层,整租,/zufang/42721748.html,1室1厅,距离地铁人民大学825米,南北,4000元/月,精装,50平米,"近地铁,拎包入住,集中供暖",2019-04-02,4/10 三义庙 西海国际 人大 理工,近30天带看  9  次
朝青 华纺易城,高楼层/18层,整租,/zufang/42717490.html,2室2厅,距离地铁青年路854米,南北,9000元/月,精装,95平米,"近地铁,随时看,拎包入住,集中供暖",2019-03-29,华纺易城精装南北通透两居出租朝青，大悦城附近，六号线,近30天带看  10  次
清河 清缘东里,高楼层/13层,整租,/zufang/42714918.html,2室1厅,距离地铁永泰庄1046米,西北,7100元/月,精装,80平米,"近地铁,随时看",2019-03-29,精装大两居 地铁8号线永泰庄站 清缘东里 看房联系,近30天带看  9  次
看丹桥 新华街三里,中楼层/27层,整租,/zufang/42703165.html,2室1厅,距离地铁丰台南路511米,东,6200元/月,精装,88平米,"近地铁,拎包入住,集中供暖",2019-03-27,看丹桥 丰台南路 新华街三里 精装两居·业主直租随时看房,近30天带看  9  次
万泉河 稻香园南区,中楼层/16层,整租,/zufang/42691786.html,2室1厅,距离地铁苏州街684米,东北,8500元/月,简装,88平米,"近地铁,随时看,可短租,集中供暖",2019-03-26,稻香园南区 塔楼两居带电梯 短租到年底 有钥匙,近30天带看  11  次
望京 南湖东园一区,低楼层/28层,整租,/zufang/42684326.html,3室1厅,距离地铁望京509米,南北,10000元/月,精装,107平米,"近地铁,拎包入住,集中供暖",2019-03-24,望京站旁南湖东园精装三居拎包入住 随时看房,近30天带看  14  次
牡丹园 二轻宿舍,低楼层/5层,整租,/zufang/42665621.html,2室1厅,距离地铁牡丹园728米,南,7600元/月,精装,55平米,"近地铁,拎包入住,集中供暖",2019-03-21,十号线 牡丹园 塔院二轻宿舍 精装双南两居 随时入住,近30天带看  12  次
朝青 华纺易城,中楼层/12层,整租,/zufang/42551585.html,2室2厅,距离地铁青年路854米,西北,9200元/月,精装,90平米,"近地铁,随时看",2019-03-06,华纺易城精装两居出租朝青，大悦城附近，六号线,近30天带看  15  次
酒仙桥 飘HOME,中楼层/25层,整租,/zufang/42752841.html,1室1厅,距离地铁将台108米,西,7000元/月,精装,63平米,"近地铁,拎包入住,集中供暖",2019-04-04,望京酒仙桥飘HOME芳园里高家园一居全家具家电,近30天带看  5  次
东直门外 十字坡西里,顶层/6层,整租,/zufang/42739268.html,3室1厅,距离地铁东直门302米,南北,9800元/月,精装,60平米,"近地铁,随时看,拎包入住,集中供暖",2019-04-05,东直门十字坡少有三居室,近30天带看  3  次
东坝 朝阳新城五区,低楼层/6层,整租,/zufang/42731642.html,2室1厅,近30天带看  1  次,南北,5000元/月,简装,88平米,拎包入住,,东坝 朝阳新城低楼层两居 出入方便 安静舒适,
常营 金隅丽景园,高楼层/28层,整租,/zufang/42706182.html,1室1厅,距离地铁草房315米,东,5000元/月,精装,50平米,"近地铁,随时看,拎包入住",2019-03-30,朝阳常营精装一居室 家具家电齐全 随时拎包入住,近30天带看  5  次
团结湖 水碓子西里,中楼层/12层,整租,/zufang/42684671.html,2室1厅,距离地铁呼家楼540米,南,7900元/月,精装,60平米,"近地铁,随时看,拎包入住,集中供暖",2019-04-04,东三环呼家楼 团结湖 团结湖公园对面精装大两居,近30天带看  2  次
九棵树(家乐福) 阿尔法社区D区,中楼层/6层,整租,/zufang/500005935.html,2室1厅,近30天带看  1  次,南北,4400元/月,精装,89平米,拎包入住,,阿尔法精装家电全齐两居室，南北通透，看房提前联系,
望京 上京新航线,中楼层/26层,整租,/zufang/500003802.html,3室1厅,距离地铁东湖渠206米,南,17500元/月,精装,168平米,"近地铁,拎包入住,集中供暖",2019-04-17,上京新航线 业主直租 找居家客户,近30天带看  8  次
白石桥 中关村南大街40号,中楼层/22层,整租,/zufang/500001908.html,1室1厅,距离地铁国家图书馆428米,西北,6700元/月,精装,48平米,"近地铁,随时看,拎包入住,集中供暖",2019-04-12,建筑设计院 气象局西门 国家图书馆 神舟大厦 精装一居,近30天带看  3  次
惠新西街 胜古北里,底层/6层,整租,/zufang/500000792.html,2室1厅,距离地铁惠新西街南口232米,南北,6800元/月,精装,55平米,"近地铁,拎包入住,集中供暖",2019-04-12,安贞 胜古北里 南北通透两居 惠新西街南口 安贞门元大都,近30天带看  1  次
方庄 GOGO新世代,中楼层/30层,整租,/zufang/42793140.html,1室1厅,距离地铁蒲黄榆105米,东,5500元/月,精装,46.39平米,"近地铁,随时看,拎包入住",2019-04-14,蒲黄榆地铁 gogog新世代 精装一居 随时看房,近30天带看  2  次
